[2026-07-16T04:19:36Z] command=<package-root>/work/s3_native/envs/surveyforge/bin/python main.py --topic Continual Learning --saving_path <package-root>/results/s3_native/s3_native_confirmatory_20260716/systems/surveyforge/method_continual_learning/raw --model s3-common-backbone --section_num 6 --subsection_len 70 --outline_reference_num 300 --rag_num 60 --rag_max_out 45 --db_path <package-root>/work/s3_native/assets/surveyforge/database/database --survey_outline_path <package-root>/work/s3_native/assets/surveyforge/outlines --embedding_model <package-root>/work/s3_native/assets/surveyforge/models/gte-large-en-v1.5 --api_url http://127.0.0.1:18080/v1/chat/completions --api_key <REDACTED>
Namespace(gpu='0', saving_path='<package-root>/results/s3_native/s3_native_confirmatory_20260716/systems/surveyforge/method_continual_learning/raw', debug=False, model='s3-common-backbone', ckpt='', topic='Continual Learning', section_num=6, subsection_len=70, outline_reference_num=300, rag_num=60, rag_max_out=45, api_url='http://127.0.0.1:18080/v1/chat/completions', api_key='relay-managed', db_path='<package-root>/work/s3_native/assets/surveyforge/database/database', survey_outline_path='<package-root>/work/s3_native/assets/surveyforge/outlines', embedding_model='<package-root>/work/s3_native/assets/surveyforge/models/gte-large-en-v1.5')
########### Loading database and RAG Index... ###########
RAG initialized with vectorstore: FAISS based on faiss_paper_title_abs_embeddings_FROM_2012_0101_TO_240926.bin.
RAG initialized with vectorstore: FAISS based on faiss_paper_title_embeddings_FROM_2012_0101_TO_240926.bin.
########### Writing outline... ###########
HTTPConnectionPool(host='127.0.0.1', port=18080): Max retries exceeded with url: /v1/chat/completions (Caused by NewConnectionError('<urllib3.connection.HTTPConnection object at 0x7ef8bc1f7c80>: Failed to establish a new connection: [Errno 111] Connection refused'))
HTTPConnectionPool(host='127.0.0.1', port=18080): Max retries exceeded with url: /v1/chat/completions (Caused by NewConnectionError('<urllib3.connection.HTTPConnection object at 0x7ef8bc1f7380>: Failed to establish a new connection: [Errno 111] Connection refused'))
HTTPConnectionPool(host='127.0.0.1', port=18080): Max retries exceeded with url: /v1/chat/completions (Caused by NewConnectionError('<urllib3.connection.HTTPConnection object at 0x7ef8bc1f6b10>: Failed to establish a new connection: [Errno 111] Connection refused'))
HTTPConnectionPool(host='127.0.0.1', port=18080): Max retries exceeded with url: /v1/chat/completions (Caused by NewConnectionError('<urllib3.connection.HTTPConnection object at 0x7ef8bc1f6360>: Failed to establish a new connection: [Errno 111] Connection refused'))
HTTPConnectionPool(host='127.0.0.1', port=18080): Max retries exceeded with url: /v1/chat/completions (Caused by NewConnectionError('<urllib3.connection.HTTPConnection object at 0x7ef8bc1f5be0>: Failed to establish a new connection: [Errno 111] Connection refused'))
HTTPConnectionPool(host='127.0.0.1', port=18080): Max retries exceeded with url: /v1/chat/completions (Caused by NewConnectionError('<urllib3.connection.HTTPConnection object at 0x7ef8bc1f4b30>: Failed to establish a new connection: [Errno 111] Connection refused'))
Traceback (most recent call last):
  File "<python-env>/lib/python3.12/site-packages/urllib3/connection.py", line 203, in _new_conn
    sock = connection.create_connection(
           ^^^^^^^^^^^^^^^^^^^^^^^^^^^^^
  File "<python-env>/lib/python3.12/site-packages/urllib3/util/connection.py", line 85, in create_connection
    raise err
  File "<python-env>/lib/python3.12/site-packages/urllib3/util/connection.py", line 73, in create_connection
    sock.connect(sa)
ConnectionRefusedError: [Errno 111] Connection refused

The above exception was the direct cause of the following exception:

Traceback (most recent call last):
  File "<python-env>/lib/python3.12/site-packages/urllib3/connectionpool.py", line 790, in urlopen
    response = self._make_request(
               ^^^^^^^^^^^^^^^^^^^
  File "<python-env>/lib/python3.12/site-packages/urllib3/connectionpool.py", line 496, in _make_request
    conn.request(
  File "<python-env>/lib/python3.12/site-packages/urllib3/connection.py", line 395, in request
    self.endheaders()
  File "<python-env>/lib/python3.12/http/client.py", line 1331, in endheaders
    self._send_output(message_body, encode_chunked=encode_chunked)
  File "<python-env>/lib/python3.12/http/client.py", line 1091, in _send_output
    self.send(msg)
  File "<python-env>/lib/python3.12/http/client.py", line 1035, in send
    self.connect()
  File "<python-env>/lib/python3.12/site-packages/urllib3/connection.py", line 243, in connect
    self.sock = self._new_conn()
                ^^^^^^^^^^^^^^^^
  File "<python-env>/lib/python3.12/site-packages/urllib3/connection.py", line 218, in _new_conn
    raise NewConnectionError(
urllib3.exceptions.NewConnectionError: <urllib3.connection.HTTPConnection object at 0x7ef8bc1f7c80>: Failed to establish a new connection: [Errno 111] Connection refused

The above exception was the direct cause of the following exception:

Traceback (most recent call last):
  File "<python-env>/lib/python3.12/site-packages/requests/adapters.py", line 696, in send
    resp = conn.urlopen(
           ^^^^^^^^^^^^^
  File "<python-env>/lib/python3.12/site-packages/urllib3/connectionpool.py", line 844, in urlopen
    retries = retries.increment(
              ^^^^^^^^^^^^^^^^^^
  File "<python-env>/lib/python3.12/site-packages/urllib3/util/retry.py", line 515, in increment
    raise MaxRetryError(_pool, url, reason) from reason  # type: ignore[arg-type]
    ^^^^^^^^^^^^^^^^^^^^^^^^^^^^^^^^^^^^^^^^^^^^^^^^^^^
urllib3.exceptions.MaxRetryError: HTTPConnectionPool(host='127.0.0.1', port=18080): Max retries exceeded with url: /v1/chat/completions (Caused by NewConnectionError('<urllib3.connection.HTTPConnection object at 0x7ef8bc1f7c80>: Failed to establish a new connection: [Errno 111] Connection refused'))

During handling of the above exception, another exception occurred:

Traceback (most recent call last):
  File "<package-root>/work/s3_native/baselines/surveyforge/code/src/model.py", line 69, in __req
    response = requests.request("POST", url, headers=headers, data=payload, timeout=self.timeout)
               ^^^^^^^^^^^^^^^^^^^^^^^^^^^^^^^^^^^^^^^^^^^^^^^^^^^^^^^^^^^^^^^^^^^^^^^^^^^^^^^^^^
  File "<python-env>/lib/python3.12/site-packages/requests/api.py", line 71, in request
    return session.request(method=method, url=url, **kwargs)
           ^^^^^^^^^^^^^^^^^^^^^^^^^^^^^^^^^^^^^^^^^^^^^^^^^
  File "<python-env>/lib/python3.12/site-packages/requests/sessions.py", line 651, in request
    resp = self.send(prep, **send_kwargs)
           ^^^^^^^^^^^^^^^^^^^^^^^^^^^^^^
  File "<python-env>/lib/python3.12/site-packages/requests/sessions.py", line 784, in send
    r = adapter.send(request, **kwargs)
        ^^^^^^^^^^^^^^^^^^^^^^^^^^^^^^^
  File "<python-env>/lib/python3.12/site-packages/requests/adapters.py", line 729, in send
    raise ConnectionError(e, request=request)
requests.exceptions.ConnectionError: HTTPConnectionPool(host='127.0.0.1', port=18080): Max retries exceeded with url: /v1/chat/completions (Caused by NewConnectionError('<urllib3.connection.HTTPConnection object at 0x7ef8bc1f7c80>: Failed to establish a new connection: [Errno 111] Connection refused'))

During handling of the above exception, another exception occurred:

Traceback (most recent call last):
  File "<python-env>/lib/python3.12/site-packages/urllib3/connection.py", line 203, in _new_conn
    sock = connection.create_connection(
           ^^^^^^^^^^^^^^^^^^^^^^^^^^^^^
  File "<python-env>/lib/python3.12/site-packages/urllib3/util/connection.py", line 85, in create_connection
    raise err
  File "<python-env>/lib/python3.12/site-packages/urllib3/util/connection.py", line 73, in create_connection
    sock.connect(sa)
ConnectionRefusedError: [Errno 111] Connection refused

The above exception was the direct cause of the following exception:

Traceback (most recent call last):
  File "<python-env>/lib/python3.12/site-packages/urllib3/connectionpool.py", line 790, in urlopen
    response = self._make_request(
               ^^^^^^^^^^^^^^^^^^^
  File "<python-env>/lib/python3.12/site-packages/urllib3/connectionpool.py", line 496, in _make_request
    conn.request(
  File "<python-env>/lib/python3.12/site-packages/urllib3/connection.py", line 395, in request
    self.endheaders()
  File "<python-env>/lib/python3.12/http/client.py", line 1331, in endheaders
    self._send_output(message_body, encode_chunked=encode_chunked)
  File "<python-env>/lib/python3.12/http/client.py", line 1091, in _send_output
    self.send(msg)
  File "<python-env>/lib/python3.12/http/client.py", line 1035, in send
    self.connect()
  File "<python-env>/lib/python3.12/site-packages/urllib3/connection.py", line 243, in connect
    self.sock = self._new_conn()
                ^^^^^^^^^^^^^^^^
  File "<python-env>/lib/python3.12/site-packages/urllib3/connection.py", line 218, in _new_conn
    raise NewConnectionError(
urllib3.exceptions.NewConnectionError: <urllib3.connection.HTTPConnection object at 0x7ef8bc1f4b30>: Failed to establish a new connection: [Errno 111] Connection refused

The above exception was the direct cause of the following exception:

Traceback (most recent call last):
  File "<python-env>/lib/python3.12/site-packages/requests/adapters.py", line 696, in send
    resp = conn.urlopen(
           ^^^^^^^^^^^^^
  File "<python-env>/lib/python3.12/site-packages/urllib3/connectionpool.py", line 844, in urlopen
    retries = retries.increment(
              ^^^^^^^^^^^^^^^^^^
  File "<python-env>/lib/python3.12/site-packages/urllib3/util/retry.py", line 515, in increment
    raise MaxRetryError(_pool, url, reason) from reason  # type: ignore[arg-type]
    ^^^^^^^^^^^^^^^^^^^^^^^^^^^^^^^^^^^^^^^^^^^^^^^^^^^
urllib3.exceptions.MaxRetryError: HTTPConnectionPool(host='127.0.0.1', port=18080): Max retries exceeded with url: /v1/chat/completions (Caused by NewConnectionError('<urllib3.connection.HTTPConnection object at 0x7ef8bc1f4b30>: Failed to establish a new connection: [Errno 111] Connection refused'))

During handling of the above exception, another exception occurred:

Traceback (most recent call last):
  File "<package-root>/work/s3_native/baselines/surveyforge/code/src/model.py", line 80, in __req
    response = requests.request("POST", url, headers=headers, data=payload, timeout=self.timeout)
               ^^^^^^^^^^^^^^^^^^^^^^^^^^^^^^^^^^^^^^^^^^^^^^^^^^^^^^^^^^^^^^^^^^^^^^^^^^^^^^^^^^
  File "<python-env>/lib/python3.12/site-packages/requests/api.py", line 71, in request
    return session.request(method=method, url=url, **kwargs)
           ^^^^^^^^^^^^^^^^^^^^^^^^^^^^^^^^^^^^^^^^^^^^^^^^^
  File "<python-env>/lib/python3.12/site-packages/requests/sessions.py", line 651, in request
    resp = self.send(prep, **send_kwargs)
           ^^^^^^^^^^^^^^^^^^^^^^^^^^^^^^
  File "<python-env>/lib/python3.12/site-packages/requests/sessions.py", line 784, in send
    r = adapter.send(request, **kwargs)
        ^^^^^^^^^^^^^^^^^^^^^^^^^^^^^^^
  File "<python-env>/lib/python3.12/site-packages/requests/adapters.py", line 729, in send
    raise ConnectionError(e, request=request)
requests.exceptions.ConnectionError: HTTPConnectionPool(host='127.0.0.1', port=18080): Max retries exceeded with url: /v1/chat/completions (Caused by NewConnectionError('<urllib3.connection.HTTPConnection object at 0x7ef8bc1f4b30>: Failed to establish a new connection: [Errno 111] Connection refused'))

The above exception was the direct cause of the following exception:

Traceback (most recent call last):
  File "<package-root>/work/s3_native/baselines/surveyforge/code/main.py", line 201, in <module>
    main(args)
  File "<package-root>/work/s3_native/baselines/surveyforge/code/main.py", line 182, in main
    write_outline(args, args.topic, args.model, args.ckpt, args.section_num, args.outline_reference_num, db, args.api_key, args.api_url)
  File "<package-root>/work/s3_native/baselines/surveyforge/code/main.py", line 34, in write_outline
    print(outline_writer.api_model.chat('hello'))
          ^^^^^^^^^^^^^^^^^^^^^^^^^^^^^^^^^^^^^^
  File "<package-root>/work/s3_native/baselines/surveyforge/code/src/model.py", line 109, in chat
    response = self.__req(text, temperature=temperature, max_try=5)
               ^^^^^^^^^^^^^^^^^^^^^^^^^^^^^^^^^^^^^^^^^^^^^^^^^^^^
  File "<package-root>/work/s3_native/baselines/surveyforge/code/src/model.py", line 89, in __req
    raise RuntimeError(
RuntimeError: SurveyForge API request failed: ConnectionError(MaxRetryError("HTTPConnectionPool(host='127.0.0.1', port=18080): Max retries exceeded with url: /v1/chat/completions (Caused by NewConnectionError('<urllib3.connection.HTTPConnection object at 0x7ef8bc1f4b30>: Failed to establish a new connection: [Errno 111] Connection refused'))"))
[2026-07-16T04:20:42Z] returncode=1 elapsed_seconds=66.003 timed_out=False
[2026-07-16T04:22:28Z] command=<package-root>/work/s3_native/envs/surveyforge/bin/python main.py --topic Continual Learning --saving_path <package-root>/results/s3_native/s3_native_confirmatory_20260716/systems/surveyforge/method_continual_learning/raw --model s3-common-backbone --section_num 6 --subsection_len 70 --outline_reference_num 300 --rag_num 60 --rag_max_out 45 --db_path <package-root>/work/s3_native/assets/surveyforge/database/database --survey_outline_path <package-root>/work/s3_native/assets/surveyforge/outlines --embedding_model <package-root>/work/s3_native/assets/surveyforge/models/gte-large-en-v1.5 --api_url http://127.0.0.1:18080/v1/chat/completions --api_key <REDACTED>
Namespace(gpu='0', saving_path='<package-root>/results/s3_native/s3_native_confirmatory_20260716/systems/surveyforge/method_continual_learning/raw', debug=False, model='s3-common-backbone', ckpt='', topic='Continual Learning', section_num=6, subsection_len=70, outline_reference_num=300, rag_num=60, rag_max_out=45, api_url='http://127.0.0.1:18080/v1/chat/completions', api_key='relay-managed', db_path='<package-root>/work/s3_native/assets/surveyforge/database/database', survey_outline_path='<package-root>/work/s3_native/assets/surveyforge/outlines', embedding_model='<package-root>/work/s3_native/assets/surveyforge/models/gte-large-en-v1.5')
########### Loading database and RAG Index... ###########
RAG initialized with vectorstore: FAISS based on faiss_paper_title_abs_embeddings_FROM_2012_0101_TO_240926.bin.
RAG initialized with vectorstore: FAISS based on faiss_paper_title_embeddings_FROM_2012_0101_TO_240926.bin.
########### Writing outline... ###########
Hello! How are you doing? Is there something I can help you with today? 😊
  0%|          | 0/3 [00:00<?, ?it/s]100%|██████████| 3/3 [00:00<00:00, 1181.94it/s]
rouge outline input token :86101
502 Server Error: Bad Gateway for url: http://127.0.0.1:18080/v1/chat/completions
Processing remaining:   0%|          | 0/1 [00:00<?, ?it/s]Processing remaining: 100%|██████████| 1/1 [00:33<00:00, 33.64s/it]Processing remaining: 100%|██████████| 1/1 [00:33<00:00, 33.64s/it]
OutlineWriter Input token usage: 95125
OutlineWriter Output token usage: 9021
502 Server Error: Bad Gateway for url: http://127.0.0.1:18080/v1/chat/completions
502 Server Error: Bad Gateway for url: http://127.0.0.1:18080/v1/chat/completions
Processing remaining:   0%|          | 0/2 [00:00<?, ?it/s]Processing remaining:  50%|█████     | 1/2 [01:30<01:30, 90.09s/it]Processing remaining: 100%|██████████| 2/2 [01:48<00:00, 47.89s/it]Processing remaining: 100%|██████████| 2/2 [01:48<00:00, 54.22s/it]
502 Server Error: Bad Gateway for url: http://127.0.0.1:18080/v1/chat/completions
502 Server Error: Bad Gateway for url: http://127.0.0.1:18080/v1/chat/completions
OutlineWriter Input token usage: 213095
OutlineWriter Output token usage: 23084
OutlineWriter Input token usage: 213095
OutlineWriter Output token usage: 23084
# Continual Learning: Foundations, Methods, Theory, Applications, and Future Directions

## 1 Introduction
Description: This section establishes the conceptual foundations of continual learning, motivating the field from biological and practical perspectives, defining core terminology, situating continual learning within the broader machine learning landscape, and articulating the central challenges that the field seeks to address.
1. Biological and cognitive motivations: Drawing from neuroscience and cognitive psychology, including complementary learning systems theory, hippocampal-neocortical memory consolidation, and synaptic plasticity mechanisms that inspire the design of artificial lifelong learning systems capable of accumulating knowledge over time.
2. Core definitions and distinctions from related paradigms: Precise characterization of continual learning relative to transfer learning, multi-task learning, meta-learning, and online learning, clarifying assumptions about data availability, task boundaries, and model capacity in each paradigm.
3. The catastrophic forgetting problem: A foundational treatment of catastrophic interference in neural networks, its causes rooted in gradient-based optimization and parameter sharing, and why it constitutes the central obstacle to building systems that learn over a lifetime.
4. The stability-plasticity dilemma: Examination of the fundamental tension between retaining previously acquired knowledge (stability) and remaining capable of rapidly integrating new information (plasticity), and how this trade-off manifests across learning scenarios and model architectures.
5. Historical development and scope of the survey: Tracing the evolution of the field from early neural network studies on catastrophic forgetting through foundational algorithmic contributions to the modern landscape, and outlining the organizational structure of the survey.

## 2 Problem Settings, Taxonomies, and Benchmarks
Description: This section systematically organizes the diverse problem formulations encountered in continual learning research, from canonical incremental learning scenarios to more realistic and general settings, and surveys the standard benchmarks and evaluation protocols used to measure progress.
1. Canonical incremental learning scenarios: Detailed definitions of task-incremental learning, domain-incremental learning, and class-incremental learning, including the assumptions each makes about task identity at inference time and the unique challenges each scenario poses for catastrophic forgetting and knowledge transfer.
2. General and realistic continual learning settings: Beyond canonical splits, examination of online continual learning with single-pass data streams, task-free and boundary-free settings, few-shot continual learning with severely limited labeled examples, semi-supervised continual learning with unlabeled data, and settings involving concept drift and non-stationary distributions.
3. Standard benchmarks and datasets: Critical survey of commonly used evaluation datasets including permuted and split variants of standard image classification benchmarks, as well as specialized benchmarks for natural language processing, medical imaging, remote sensing, and robotic perception, discussing their representativeness of real-world challenges and limitations.
4. Evaluation metrics and protocols: Analysis of metrics including average accuracy, backward transfer, forward transfer, plasticity, intransigence, forgetting magnitude, and worst-case performance measures, along with discussion of reproducibility concerns, the importance of standardized experimental protocols, and desiderata for rigorous evaluation.

### 2.1 Canonical Incremental Learning Scenarios
Description: A rigorous taxonomy of the three foundational continual learning problem formulations that have shaped the field, distinguished primarily by what information is available at inference time and how the output space evolves across tasks. Understanding these distinctions is essential because they impose fundamentally different computational and representational demands on learning algorithms, and performance differences across scenarios reveal the true difficulty of knowledge retention and cross-task discrimination.
1. Task-incremental learning (Task-IL): The setting in which a task identity oracle is provided at both training and inference time, enabling the model to route inputs to task-specific output heads and largely sidestep cross-task discrimination; while the least challenging of the three scenarios, it remains a useful controlled testbed for studying catastrophic forgetting in isolation from the task-inference problem.
2. Domain-incremental learning (Domain-IL): A scenario in which the input distribution shifts across tasks while the output space remains fixed, requiring the model to generalize across domains without access to explicit task labels at inference; exemplified by settings such as permuted or corrupted image recognition, this formulation emphasizes adaptation to distribution shift and is particularly relevant for real-world deployment where domain identity is rarely known.
3. Class-incremental learning (Class-IL): The most challenging canonical scenario, in which new classes are introduced sequentially and no task identifier is provided at test time, forcing the model to jointly discriminate among all classes seen so far; this setting demands not only retention of old class representations but also the development of high-quality cross-task features that enable inter-task class separation, a challenge distinct from simple forgetting prevention.
4. Versatile and mixed incremental settings: Emerging formulations that relax the clean separation between class and domain increments, considering scenarios where successive tasks may involve arbitrary combinations of new classes and new domains, thereby exposing the limitations of methods optimized for a single canonical scenario and motivating more general-purpose continual learning frameworks.

### 2.2 General and Realistic Continual Learning Settings
Description: Beyond the idealized canonical scenarios, this subsection surveys a richer space of problem formulations that better reflect the complexities of real-world data streams, including settings with unknown task boundaries, limited supervision, non-stationary distributions, and blurry or overlapping task structure. These settings motivate a distinct set of algorithmic challenges and evaluation considerations that go beyond simple forgetting mitigation.
1. Online and task-free continual learning: Settings in which data arrives as a single-pass stream with no explicit task boundary signals, requiring the model to autonomously detect distributional shifts, manage the stability-plasticity trade-off without privileged task information, and update incrementally with each incoming sample; the absence of task identity supervision substantially increases difficulty and demands algorithms robust to gradual, abrupt, or recurring distribution changes.
2. Blurry task boundaries and noisy label settings: Realistic formulations that relax the assumption of clean, non-overlapping task transitions by allowing task-defining class distributions to overlap across time windows or by introducing corrupted annotations in the data stream; these settings expose the fragility of methods that rely on sharp episode boundaries for memory management, replay scheduling, or regularization coefficient estimation.
3. Few-shot class-incremental learning (FSCIL): A severely data-constrained variant in which each new task provides only a handful of labeled examples per novel class, requiring the model to balance extreme plasticity for rapid adaptation against stability to avoid overwriting rich representations learned from abundant base-task data; FSCIL benchmarks on miniImageNet, CIFAR-100, and CUB-200 have become standard testbeds for evaluating knowledge transfer under scarcity.
4. Semi-supervised continual learning: Settings that augment the labeled sequential task stream with unlabeled data drawn from the current environment or open-set distributions, reflecting the practical reality that annotation is expensive and ambient unlabeled data is abundant; formulations range from in-distribution unlabeled augmentation to open-set semi-supervised continual learning where out-of-distribution samples must be identified and selectively exploited without degrading learned representations.
5. Continual learning under concept drift and non-stationary distributions: Formulations grounded in the concept drift literature where class-conditional or marginal distributions shift gradually or abruptly over time, potentially recurring, and where the goal extends beyond per-task accuracy to robust performance across the entire data stream; this perspective connects continual learning to online learning theory and motivates drift-detection-aware algorithmic designs.

### 2.3 Formal Problem Formulation and Unified Taxonomic Framework
Description: This subsection presents the mathematical notation, formal definitions, and unifying taxonomic structure needed to precisely characterize the diverse problem settings surveyed in this section and to relate them to one another. A coherent formalism supports rigorous comparison across methods and clarifies the assumptions embedded in each experimental setup.
1. Unified mathematical formulation of continual learning: Precise definition of the continual learning problem as sequential optimization over a stream of tasks or data distributions, specifying the role of the data generating process, task descriptors, model parameter updates, memory constraints, and inference-time assumptions; this formalism encompasses canonical and non-canonical settings as special cases and provides a common language for theoretical analysis.
2. Taxonomy of supervision and label availability: Classification of continual learning settings along the axis of label availability, spanning fully supervised per-task training, semi-supervised settings with partial annotation, self-supervised and unsupervised representation learning across tasks, and the special case of zero-shot or prescient learning where future class semantics are available before training data; this taxonomy clarifies which algorithmic families are applicable in each regime.
3. Task relatedness, sequence ordering, and distributional assumptions: Formal characterization of properties of the task sequence including inter-task similarity, total complexity, sequential heterogeneity, and the presence of recurring tasks, and analysis of how these properties influence forgetting rates and forward transfer; understanding these properties is essential for designing benchmarks that stress-test algorithms beyond simple i.i.d. task splits.
4. Connections and distinctions among related learning paradigms: Precise delineation of continual learning from multi-task learning, transfer learning, meta-learning, online learning, and domain adaptation, specifying the distinct assumptions each paradigm makes about data availability, computational budget, and generalization objectives, and identifying the conditions under which continual learning reduces to or benefits from tools developed in adjacent fields.

### 2.4 Standard Benchmarks and Datasets
Description: This subsection critically surveys the datasets and benchmark protocols that the continual learning community has standardized upon, evaluating their design choices, coverage of real-world challenges, representativeness across modalities and domains, and known limitations that may cause experimental results to be misleading or poorly generalizable.
1. Image classification benchmarks: Permuted MNIST, Split CIFAR-10/100, Split Mini-ImageNet, and their variants constitute the dominant evaluation infrastructure for continual learning research; this point examines their construction methodology, the number and nature of task splits, the rationale for their widespread adoption, and their significant limitations including small scale, artificial task boundaries, and poor representativeness of the distribution shifts encountered in deployed systems.
2. Large-scale and domain-specific visual benchmarks: Emerging benchmarks that move beyond small-scale classification to encompass incremental semantic segmentation, continual object detection, medical image analysis with evolving disease categories and scanner domains, remote sensing under sequential acquisition, and robotic perception; these benchmarks expose limitations of methods tuned on toy splits and provide more ecologically valid evaluations.
3. Benchmarks for natural language processing and multimodal tasks: Datasets and protocols designed for continual learning in text classification, relation extraction, question answering, dialogue, and information retrieval, as well as multimodal benchmarks such as CLiMB that evaluate vision-and-language models under sequential task presentation; this point addresses the unique challenges of discrete representations and compositional language structure for continual evaluation.
4. Continual learning benchmarks for graphs, time series, and reinforcement learning: Specialized benchmarks for continual graph learning with evolving topology and node feature distributions, human activity recognition from sensor streams, industrial fault prognostics, and continual reinforcement learning environments; these benchmarks extend the evaluation landscape to structured and sequential data types underrepresented in mainstream continual learning research.
5. Long-horizon and large-scale continual benchmarks: Recent efforts to construct benchmarks that test models over very long task sequences or on web-scale data with temporal structure, such as time-continual vision-language benchmarks spanning years of image-text pairs, and modular learning benchmarks designed to probe knowledge transfer and sublinear memory scaling over hundreds of tasks; these benchmarks address the recognized gap between short academic sequences and the extended lifelong deployment context that motivates the field.

### 2.5 Evaluation Metrics and Experimental Protocols
Description: A rigorous evaluation methodology is essential for meaningful progress in continual learning, yet the field has historically suffered from inconsistent metric choices, flawed hyperparameter selection procedures, and experimental designs that favor specific algorithm families. This subsection surveys the established and emerging metrics for measuring continual learning performance, analyzes common methodological pitfalls, and articulates desiderata for reproducible and fair experimental practice.
1. Core performance metrics: Average accuracy across all tasks, final average accuracy, and per-task accuracy trajectories form the primary measures of a continual learner's overall competence; backward transfer quantifies how learning new tasks affects previously learned ones (capturing forgetting when negative and beneficial consolidation when positive), while forward transfer measures how accumulated knowledge accelerates learning on future tasks; intransigence measures a model's resistance to learning new tasks due to over-stability, and plasticity metrics capture the model's ongoing capacity to acquire new information.
2. Forgetting magnitude and worst-case measures: Beyond average forgetting, metrics that capture the worst-case performance drop across tasks, the stability of minimum per-task accuracy over the learning stream, and proposed alternatives such as Minimal Incremental Class Accuracy (MICA) that provide more industrially relevant assessments by exposing catastrophic failures obscured by averaging; these measures are particularly important for safety-critical applications where guarantees on minimum performance are required.
3. Computational and memory efficiency metrics: Evaluation of the resource overhead incurred by continual learning algorithms, including memory buffer size relative to training set size, number of parameters added per task for architectural expansion methods, inference-time computational cost, and training time per task; these metrics are essential for assessing the practical deployability of methods on resource-constrained devices and for ensuring comparisons account for the total cost of learning.
4. Hyperparameter selection and evaluation protocol validity: Critical analysis of the widespread but flawed practice of selecting hyperparameters on the same continual learning sequence used for final evaluation, which artificially inflates reported performance; proposals for principled protocols that separate hyperparameter tuning on held-out sequences from final evaluation, and the importance of reporting variance across multiple random seeds, task orderings, and dataset splits to ensure reproducibility and statistical validity.
5. Reproducibility infrastructure and standardized experimental design: The role of open-source frameworks such as Avalanche, Continuum, and Renate in standardizing data loading, scenario construction, and metric computation; discussion of the importance of fixed random seeds, standardized network architectures, consistent preprocessing pipelines, and open code releases for ensuring that reported results are comparable across papers and that the community can build cumulatively on prior work.

## 3 Methodological Approaches to Continual Learning
Description: This section provides a comprehensive and structured review of the principal families of algorithms developed to address catastrophic forgetting and promote knowledge transfer, analyzing each family with respect to its underlying mechanism, assumptions, computational and memory costs, and empirical performance.
1. Regularization-based methods: Approaches that constrain parameter updates by estimating the importance of weights to previously learned tasks, including elastic weight consolidation, synaptic intelligence, and methods based on Fisher information or Bayesian posterior approximation, along with their theoretical underpinnings, comparative strengths, and limitations.
2. Replay and rehearsal-based methods: Techniques that store or reconstruct past experiences to rehearse alongside new data, encompassing episodic memory replay with raw exemplars, generative replay using variational autoencoders and generative adversarial networks to synthesize pseudo-data, dark experience replay using soft logit distillation, and strategies for intelligent memory management including reservoir sampling, diversity-aware selection, and sample condensation.
3. Parameter isolation and architectural expansion methods: Methods that allocate distinct parameter subspaces or network modules to different tasks, including fixed-capacity masking approaches, progressive network expansion, dynamic architecture methods such as grow-only-when-necessary frameworks, PackNet-style pruning and freezing, and soft-masking schemes that allow partial parameter sharing to encourage knowledge transfer while preventing interference.
4. Gradient projection and optimization-based methods: Approaches that modify learning dynamics by projecting gradients onto subspaces that do not increase loss on previous tasks, leveraging constrained optimization and gradient episodic memory variants to directly minimize interference across tasks.
5. Meta-learning and learning-to-learn approaches: Methods that learn initial representations or optimization procedures explicitly designed to facilitate rapid adaptation to new tasks with minimal forgetting, including model-agnostic meta-learning variants, meta-consolidation strategies, and approaches that recast continual learning as a sequence modeling problem.
6. Pretrained foundation model-based methods: Emerging strategies that leverage large-scale pretrained vision, language, and vision-language models, including prompt-based continual learning, parameter-efficient fine-tuning strategies such as low-rank adaptation and task arithmetic, adapter-based approaches, and knowledge distillation techniques that exploit rich pretrained representations as a stable backbone for continual adaptation.

### 3.1 Regularization-Based Methods
Description: Regularization-based methods mitigate catastrophic forgetting by constraining parameter updates during new task learning, penalizing changes to parameters deemed important for previously acquired knowledge. These approaches avoid storing raw data from past tasks and instead encode prior knowledge implicitly through weight importance estimates, making them memory-efficient but sensitive to approximation quality and task sequence length.
1. Weight importance estimation and penalty formulations: Core mechanisms for quantifying per-parameter importance, including the Fisher information matrix used in Elastic Weight Consolidation (EWC), the online path integral approach of Synaptic Intelligence (SI), and Memory Aware Synapses (MAS), with a unifying theoretical analysis showing these methods approximate variants of the same underlying quantity and share deep mathematical connections despite differing motivations.
2. Bayesian and probabilistic regularization frameworks: Principled formulations of regularization as sequential Bayesian posterior updating, including variational inference approaches such as Uncertainty-regularized Continual Learning (UCL), Kronecker-factored Laplace approximations, and the interpretation of regularization as second-order Taylor approximation of task losses, providing theoretical grounding for convergence and generalization behavior.
3. Spectral and geometric regularization strategies: Novel regularization techniques that go beyond weight-space penalties to enforce structural properties throughout training, including Wasserstein regularization toward initial weight distributions, singular value regularization of weight matrices to maintain gradient diversity and mitigate loss of plasticity, and latent space geometric regularizers that enforce partitioning behavior in the feature space to prevent class interference during rehearsal.
4. Strengths, limitations, and scalability considerations: Comparative analysis of regularization methods with respect to memory overhead, hyperparameter sensitivity, performance degradation over long task sequences, limitations in class-incremental settings where task identity is unavailable at inference, and the practical trade-off between the accuracy of importance estimation and computational cost at scale.

### 3.2 Replay and Rehearsal-Based Methods
Description: Replay-based methods counteract catastrophic forgetting by revisiting representations of past experiences during new task training, either by storing a bounded episodic memory buffer of real exemplars or by synthesizing pseudo-data using generative models. This family of methods directly approximates the joint data distribution across tasks and has demonstrated strong empirical performance across diverse continual learning benchmarks, with ongoing research focusing on memory efficiency, sample quality, and intelligent selection strategies.
1. Episodic memory replay with exemplar selection and management: Methods that maintain a fixed-size buffer of real past samples for interleaved training, including reservoir sampling for unbiased stream coverage, diversity-aware and herding-based selection strategies, the Goldilocks mid-learning-speed sampling criterion exploiting forgetting order correlations, gradient-based memory editing (GMED) to enhance replay utility, and analysis of optimal buffer size and the underfitting-overfitting dilemma in online single-pass settings addressed by Repeated Augmented Rehearsal (RAR).
2. Generative replay and pseudo-rehearsal: Techniques that train generative models to synthesize past task data for rehearsal without storing raw examples, encompassing Deep Generative Replay with cooperative generator-solver architectures, VAE-based and GAN-based pseudo-data synthesis, adiabatic replay using Gaussian Mixture Models for selective rehearsal of only distribution-shifted regions, time-aware regularization for generative experience replay, and flashcard-based knowledge capture as a task-agnostic alternative to full generative replay.
3. Knowledge distillation and soft-label replay: Approaches that distill dark knowledge from past model predictions rather than raw data, including Learning without Forgetting (LwF), Dark Experience Replay (DER) using stored soft logits to enforce prediction consistency, Strong Experience Replay (SER) that additionally mimics future experiences on current data, and the role of distillation-based approaches in continual pretraining of language models for retaining downstream performance.
4. Gradient-based and optimization-aware replay: Methods that integrate episodic memory into the optimization process, including Gradient Episodic Memory (GEM) and its efficient variant A-GEM, the MEGA framework unifying these under a loss-balancing perspective, improved schemes modulating emphasis between old and new task gradients, and analysis of replay dynamics in continual reinforcement learning including reward-scale normalization and policy distillation challenges.

### 3.3 Parameter Isolation and Architectural Expansion Methods
Description: Parameter isolation methods prevent catastrophic forgetting by dedicating distinct parameter subspaces or network modules to individual tasks, either within a fixed-capacity network through masking or by dynamically expanding the architecture as new tasks arrive. These approaches can achieve near-zero forgetting by construction but must carefully manage capacity consumption, knowledge transfer between tasks, and the availability of task identity at inference time.
1. Fixed-capacity masking and subnetwork allocation: Methods that identify and freeze sparse task-specific subnetworks within a shared architecture, including hard binary masking approaches such as PackNet-style iterative pruning and freezing, the information bottleneck-based IBM framework that constructs redundancy-free subnetworks by accumulating valuable information into essential weights, and analysis of how weight-magnitude-based mask construction can maintain unimportant parameters and lead to redundant subnetworks.
2. Soft-masking and partial parameter sharing: A refinement over hard isolation that allows graded parameter sharing across tasks to promote knowledge transfer while limiting interference, exemplified by SPG (parameter-level soft-masking) which partially blocks updates based on per-parameter importance to old tasks, enabling full network utilization by each task and facilitating transfer even among dissimilar tasks while mitigating capacity exhaustion over long task sequences.
3. Progressive and dynamic architectural expansion: Methods that grow network capacity in response to incoming tasks, including Progressive Neural Networks that add new columns with lateral connections, grow-only-when-necessary frameworks driven by distribution shift detection, Bayesian nonparametric approaches using the Indian Buffet Process to automatically determine expansion magnitude, SparseGrow for data-driven sparse layer expansion addressing growth-induced forgetting, and self-expanding adapter mixture methods such as SEMA that dynamically add modules based on representation-level shift indicators.
4. Orthogonal subspace and low-rank decomposition approaches: Methods that learn tasks in approximately orthogonal parameter or activation subspaces to minimize interference, including learning in low-rank orthogonal subspaces via optimization over the Stiefel manifold, Gradient Correlation Subspace Learning (GCSL) that projects new task updates into subspaces least affected by prior tasks, and weight factorization approaches that promote sparse factor reuse and positive knowledge transfer through structured decomposition of weight matrices.

### 3.4 Gradient Projection and Optimization-Based Methods
Description: Gradient projection methods directly modify the learning dynamics during training by constraining gradient updates to lie within subspaces that do not increase loss on previously learned tasks, providing a principled mechanism for minimizing inter-task interference at the optimization level without requiring large memory buffers or architectural changes. These methods connect continual learning to constrained optimization theory and offer complementary strengths to regularization and replay approaches.
1. Constrained gradient projection and orthogonality conditions: Core formulations that project task gradients onto the null space of past task gradient matrices or activation subspaces, including Orthogonal Gradient Descent (OGD), Gradient Projection Memory (GPM) that builds a subspace from episodic gradient bases, and theoretical analysis showing orthogonal projection conditions effectively resist forgetting even in large-scale models, as demonstrated in the unified Parameter Efficient Gradient Projection (PEGP) framework applicable across adapter, LoRA, prefix, and prompt tuning paradigms.
2. Gradient decomposition and layerwise optimization: Extensions that decompose task gradients into shared and task-specific components to consolidate common knowledge while protecting task-specific knowledge, as in layerwise gradient decomposition approaches, and Gradient Correlation Subspace Learning that identifies per-layer subspaces minimally affected by prior tasks, with layerwise update strategies avoiding magnitude variation artifacts that arise when concatenating all gradients.
3. Loss-landscape geometry and flat minima: Optimization strategies motivated by the connection between flat loss minima and reduced forgetting, including sharpness-aware optimization approaches, AlterSGD which alternates gradient descent and ascent to encourage convergence to flat regions with theoretical convergence guarantees for semantic segmentation continual learning, and weight-ensembling methods such as CoMA and CoFiMA that interpolate current and previous task parameters with Fisher-weighted averaging to navigate the stability-plasticity trade-off through the loss landscape.
4. Recursive and meta-optimization approaches: Methods that learn or iteratively update optimizer states to intrinsically minimize interference, including Recursive Gradient Optimization (RGO) with an iteratively updated optimizer and virtual Feature Encoding Layers for representing long-term task structure without data replay, and meta continual learning frameworks based on dynamic programming that derive theoretically grounded alternating optimization procedures balancing generalization and forgetting.

### 3.5 Meta-Learning and Learning-to-Learn Approaches
Description: Meta-learning approaches to continual learning aim to acquire inductive biases, initialization strategies, or update rules that inherently support sequential task learning with minimal forgetting and maximal forward and backward transfer. By optimizing over distributions of tasks rather than individual tasks, these methods seek to discover learning procedures that are intrinsically resistant to catastrophic interference, bridging the gap between rapid adaptation and long-term retention.
1. Gradient-based meta-learning for continual adaptation: Methods derived from model-agnostic meta-learning (MAML) that learn shared initializations enabling fast adaptation to new tasks with few gradient steps and limited forgetting, meta-continual learning variants that incorporate explicit anti-forgetting objectives into the bi-level optimization, and theoretical frameworks using dynamic programming to establish optimality conditions and analyze generalization bounds for meta-continual learning.
2. Meta-learning of update rules and Bayesian principles: Approaches that meta-learn neuron-level or model-level update rules rather than initial parameters, including frameworks that combine the representational power of neural networks with sequential Bayesian update rules of simple statistical models, where neural networks are meta-learned to bridge raw data and Bayesian models that are immune to catastrophic forgetting, achieving domain-agnostic and model-agnostic continual learning with strong scalability.
3. Meta-consolidation and recall-oriented architectures: Two-level architectural frameworks inspired by the brain's separation of stability and plasticity mechanisms, including generative adversarial meta-model (GAMM) approaches that incrementally learn task-specific parameters rather than input data for maximally stable knowledge recall, and recall-oriented frameworks where an inference network handles new knowledge acquisition while a generative network ensures stability of past knowledge in both task-aware and task-agnostic scenarios.
4. Sequence modeling and in-context continual learning: Emerging approaches that recast continual learning as a sequence prediction problem, leveraging transformer architectures and in-context learning to process task sequences without gradient-based forgetting, and self-referential networks that meta-learn their own in-context continual learning procedures, representing a paradigm shift toward treating the learning algorithm itself as the object of optimization.

### 3.6 Pretrained Foundation Model-Based Methods
Description: The widespread availability of large-scale pretrained vision, language, and vision-language models has given rise to a new paradigm in continual learning that leverages rich, stable pretrained representations as a backbone, requiring only lightweight adaptation to new tasks. These approaches fundamentally alter the stability-plasticity trade-off by anchoring knowledge in frozen or lightly updated pretrained weights, raising important questions about the true difficulty of continual learning under strong pretraining and motivating rigorous evaluation of what these methods genuinely learn beyond pretrained feature quality.
1. Prompt-based continual learning: Methods that prepend learnable prompt tokens to frozen pretrained transformers and use key-query matching mechanisms to retrieve task-relevant prompts, including Learning to Prompt (L2P), DualPrompt with task-invariant and task-specific prompt components, CODA-Prompt with attention-based prompt composition, and S-Prompts with domain-specific prompt pools, along with critical analysis of domain gap effects on key-query matching accuracy and the unexamined choice of prompt tuning versus more effective PEFT alternatives such as LoRA.
2. Parameter-efficient fine-tuning strategies for continual adaptation: Approaches that adapt pretrained models through low-rank adaptation (LoRA), task arithmetic over LoRA modules enabling compositional task combination without retraining, adapter-based methods including Continual Adapter (C-ADA) with parameter-extensible layers and scaling-and-shifting modules for feature space alignment, and the unified PEGP framework applying orthogonal gradient projection across diverse PEFT paradigms to resist forgetting in large-scale models.
3. Knowledge distillation and representation stability with pretrained backbones: Strategies that exploit pretrained representations as stable distillation targets, including continual pretraining with self-supervised objectives shown to be more resistant to forgetting than supervised protocols, input-space transformation learning that avoids updating pretrained backbone weights while adapting task predictors, and distillation-based lifelong pretraining of language models for temporal generalization across domain-incremental corpora.
4. Critical evaluation and baselines for pretrained model continual learning: Systematic questioning of the added value of complex continual learning mechanisms on top of pretrained models, including the surprising competitiveness of simple frozen-backbone nearest mean classifiers (NMC) on standard benchmarks, the PILOT toolbox for standardized evaluation of pretrained model-based continual learning algorithms, and discussion of when pretrained feature quality dominates continual learning algorithm choice versus when genuine sequential adaptation mechanisms provide measurable additional benefit.

## 4 Theoretical Perspectives and Formal Analysis
Description: This section surveys the theoretical frameworks developed to understand, characterize, and bound the behavior of continual learning systems, connecting empirical observations to formal guarantees and identifying conditions under which continual learning is provably feasible.
1. Generalization bounds and learnability in continual learning: Formal analysis of whether class-incremental and other continual learning settings are learnable in principle, derivation of generalization bounds that account for sequential task presentation and rehearsal mechanisms, the influence of task relatedness and sequence ordering on cumulative error, and connections to classical statistical learning theory.
2. Bayesian perspectives on continual learning: The principled Bayesian view of continual learning as sequential posterior updating, including approximate inference techniques such as variational inference and expectation propagation, likelihood-focused versus prior-focused Bayesian approaches, and probabilistic frameworks for modular continual learning.
3. Knowledge transfer: forward and backward transfer analysis: Theoretical and empirical characterization of forward transfer (how learning past tasks accelerates future task learning) and backward transfer (how learning new tasks improves performance on previously learned ones), including conditions under which each form of transfer is beneficial and analyses of increasingly knowledgeable sequential learners.
4. Loss of plasticity and long-term learning dynamics: Formal and empirical study of the degradation of a network's ability to learn new information over extended task sequences, including mechanisms behind dead units and feature ossification, and theoretical justifications for interventions such as continual backpropagation and weight perturbation to restore plasticity.
5. Information-theoretic perspectives: Framing continual learning through the lens of information theory and compression, including prequential coding, the relationship between description length, forgetting, and knowledge retention, and variational posterior approximation as approximate Bayesian continual learning.

### 4.1 Learnability, Complexity, and Generalization Bounds in Continual Learning
Description: This subsection provides a rigorous formal analysis of whether continual learning problems are learnable in principle, derives generalization bounds for sequential task learning, and establishes complexity-theoretic results that characterize the fundamental difficulty of the problem, connecting continual learning to classical statistical learning theory.
1. PAC-theoretic learnability and memory complexity: Formal investigation of continual learning within the PAC learning framework, including communication-complexity-based proofs that any continual learner requires memory growing at least linearly with the number of tasks, the role of improper learning in achieving better memory scaling, and the fundamental implications of these results for algorithm design.
2. Generalization bounds for sequential task presentation: Derivation of finite-sample guarantees for continual learning algorithms, including bounds that account for task sequence ordering, task relatedness, and rehearsal mechanisms, with analysis of how cumulative generalization error evolves across task sequences and connections to uniform convergence theory.
3. Theoretical analysis of regularization-based continual learning: Formal study of regularization-based methods from a second-order Taylor approximation viewpoint, yielding a unified framework encompassing elastic weight consolidation and Kronecker-factored Laplace approximations, with theoretical results on convergence and finite-sample guarantees that emphasize the importance of accurate Hessian estimation.
4. Neural Tangent Kernel regime and continual learning guarantees: Theoretical framework for analyzing continual learning in the Neural Tangent Kernel regime, providing closed-form expressions of model behavior across tasks, proxies for task similarity and transfer, and the first generalization bounds for gradient projection methods such as orthogonal gradient descent, along with analysis of the NTK variation as a key quantity for continual learning performance.

### 4.2 Statistical-Mechanics and Phase-Transition Analyses of Forgetting
Description: This subsection surveys analytical approaches grounded in statistical mechanics and high-dimensional probability that yield exact characterizations of catastrophic forgetting, knowledge transfer, and learning dynamics in deep neural networks, revealing how task similarity and network architecture jointly determine when continual learning succeeds or fails.
1. Order parameters and mean-field theory of continual learning: Statistical-mechanics theory of continual learning in deep, wide neural networks that introduces order parameters capturing input similarity and readout similarity between tasks, deriving analytical predictions for forgetting and forward transfer that are verified numerically and identifying how network depth modulates task overlap.
2. Phase transitions in continual learning performance: Identification of sharp phase transitions where continual learning performance changes dramatically as task similarity crosses critical thresholds, including the phenomenon of catastrophic anterograde interference in which networks retain old tasks perfectly but completely fail to generalize newly learned rules, and the theoretical conditions governing entry into and exit from such regimes.
3. Linear teacher-student analysis of task similarity and algorithm behavior: Analytical treatment using linear teacher-student models with latent structure to disentangle the effects of input feature similarity versus readout similarity on knowledge retention and transfer, revealing that high input similarity coupled with low readout similarity is catastrophic and providing principled explanations for why Fisher-information-based regularization improves retention regardless of task similarity.

### 4.3 Bayesian Perspectives and Approximate Inference Frameworks
Description: This subsection presents the principled Bayesian formulation of continual learning as sequential posterior updating, reviews approximate inference techniques developed to make this framework computationally tractable, and analyzes the theoretical properties and practical trade-offs of prior-focused versus likelihood-focused Bayesian continual learning approaches.
1. Sequential Bayesian inference as a unifying framework: The formal derivation of continual learning as recursive posterior updating over model parameters, the theoretical optimality of exact Bayesian sequential learning in terms of minimizing forgetting, and the mathematical conditions under which sequential Bayesian inference provably avoids catastrophic forgetting while maintaining plasticity.
2. Variational inference and function-space Bayesian continual learning: Approximate posterior inference via variational methods including evidence lower bound optimization, variational density propagation avoiding Monte Carlo sampling, and sequential function-space variational inference that regularizes predictive distributions rather than parameters, with analysis of how each approximation affects the fidelity of knowledge retention and the quality of uncertainty estimates.
3. Prior-focused versus likelihood-focused Bayesian approaches: Theoretical distinction between methods that encode past knowledge in the prior versus those that encode it through modified likelihoods, including expectation propagation and natural gradient methods, analysis of their differing approximation qualities, and probabilistic frameworks for modular and hierarchical Bayesian continual learning with mixture-of-experts posteriors.
4. Uncertainty quantification and out-of-distribution detection in Bayesian continual learning: Theoretical grounding of uncertainty estimates produced by Bayesian continual learning methods, their reliability under sequential distribution shift, and the formal connection between task-id prediction, out-of-distribution detection, and the decomposition of class-incremental learning into within-task prediction and task-identity prediction sub-problems.

### 4.4 Knowledge Transfer: Forward and Backward Transfer Analysis
Description: This subsection provides theoretical and empirical characterization of both forward transfer, whereby knowledge from prior tasks accelerates future learning, and backward transfer, whereby learning new tasks improves performance on previously learned ones, identifying the conditions, mechanisms, and limits governing each form of transfer in sequential learning systems.
1. Formal definitions and metrics for forward and backward transfer: Precise mathematical definitions of forward transfer and backward transfer in the continual learning literature, their relationship to plasticity and stability metrics, and the theoretical conditions on task relatedness, representation overlap, and optimization geometry under which each form of transfer is positive rather than negative.
2. Task correlation, trust regions, and facilitated forward transfer: Theoretical characterization of inter-task correlation through gradient projection norms and subspace geometry, including trust-region frameworks that identify the most related prior tasks for a new task, analysis of how reusing frozen weight subspaces through scaling matrices enables knowledge transfer without forgetting, and sample complexity improvements achievable through representation reuse in provable lifelong learning algorithms.
3. Backward transfer and model improvement without data retention: Theoretical study of conditions enabling improvement of previously learned task models after observing new tasks, including analysis of generative model-based and Bayesian mechanisms that permit backward transfer without storing training data, and the relationship between task similarity structure and the magnitude of achievable backward transfer.
4. Continual learning versus multi-task learning: formal analysis: Rigorous examination of whether multi-task learning is a valid upper bound for continual learning performance, including theoretical and empirical identification of scenarios where continual learners surpass multi-task learners due to avoidance of adversarial task interference, and the implications for understanding when sequential learning is strictly preferable to joint learning.

### 4.5 Loss of Plasticity and Long-Term Learning Dynamics
Description: This subsection formally and empirically analyzes the progressive degradation of a neural network's capacity to learn new information over extended task sequences, identifying the mechanistic causes of plasticity loss, its manifestation across different architectures and learning regimes, and the theoretical justifications for interventions designed to restore and maintain plasticity.
1. Mechanisms of plasticity loss in deep networks: Formal analysis of dead neurons, saturated activations, diminishing gradient norms, and implicit under-parameterization as primary drivers of plasticity loss over long task sequences, with empirical characterization of how activation sparsity increases and effective model capacity decreases as learning progresses through non-stationary data streams.
2. Convergence dynamics and catastrophic degradation of prior tasks: Theoretical convergence analysis of memory-based continual learning methods under stochastic gradient descent, formal definition of the catastrophic forgetting term as a quantity that must be suppressed at each iteration to achieve convergence guarantees, and derivation of adaptive step-size methods that achieve the same convergence rate as standard SGD when this term is controlled.
3. Regularization toward initialization and weight perturbation for plasticity restoration: Theoretical justification for L2 regularization toward initial parameter values as a mechanism that drives insensitive parameters back toward their initialization, preparing them for rapid adaptation, alongside analysis of continual backpropagation, weight reinitialization strategies, and activation function choices such as concatenated ReLUs that empirically restore plasticity in long-horizon continual deep reinforcement learning.
4. Loss landscape geometry and training regime effects on stability: Theoretical and empirical investigation of how the geometry of loss landscape minima, characterized by sharpness and flatness, governs the degree of catastrophic forgetting, including analysis of how training hyperparameters such as learning rate, batch size, and dropout shape basin width, and why wide minima facilitate stability by making parameters less sensitive to gradient updates from new tasks.

### 4.6 Information-Theoretic Perspectives and Compression Frameworks
Description: This subsection frames continual learning through the lens of information theory and algorithmic compression, establishing formal connections between forgetting, description length, and knowledge retention, and showing how prequential coding methods unify variational posterior approximation and generative replay as approximate solutions to an optimal compression problem.
1. Forgetting as increased description length: prequential coding: Formal definition of forgetting as the increase in description length required to compress previous data using a sequentially updated model, derivation of prequential coding objectives including the Bayesian mixture code and the maximum likelihood plug-in code, and demonstration that these two coding schemes correspond precisely to variational posterior approximation and generative replay methods respectively.
2. Information flow through network layers and its impact on continual learning: Probabilistic framework analyzing how information about task-specific knowledge propagates through network layers during sequential learning, formalization of the relationship between inter-layer mutual information preservation and continual learning performance, and derivation of optimization objectives that regulate information flow to manage the trade-off between learning new tasks and retaining prior knowledge.
3. Prequential information transfer and knowledge measurement: Formal development of prequential coding-based measures of generalizable information content in neural network models, theoretical grounding of information transfer metrics as estimators of the generalizable portion of a model's Kolmogorov complexity, and application of these measures to quantify catastrophic forgetting, evaluate representation quality, and compare continual learning algorithms in terms of the knowledge they retain and transfer.
4. Minimum description length, variational objectives, and Bayesian unification: Analysis of how minimizing description length under the MDL principle leads naturally to KL-divergence penalties between successive task posteriors, formal unification of compression-based and Bayesian continual learning objectives, and empirical study of the bottlenecks that limit the performance of variational posterior approximation methods from the perspective of compression efficiency.

## 5 Continual Learning in Specialized Domains and Modalities
Description: This section examines how continual learning principles and methods have been adapted and applied across diverse data modalities and real-world application domains, highlighting domain-specific challenges and the specialized solutions they have motivated.
1. Continual learning for visual recognition and computer vision: Survey of methods and benchmarks for image classification, semantic segmentation, object detection, and other vision tasks, including class-incremental and domain-incremental segmentation, medical image analysis with incremental disease categories and scanner domain adaptation, and remote sensing classification under sequential learning constraints.
2. Continual learning for natural language processing and dialogue systems: Review of continual learning challenges and methods in text classification, relation extraction, semantic parsing, question answering, natural language generation in dialogue systems, and continual learning with large pretrained language models, emphasizing the unique difficulties posed by discrete and compositional language representations.
3. Continual reinforcement learning: Formalization and review of non-stationary reinforcement learning settings, including continual policy optimization across task sequences, multi-timescale experience replay buffers, subspace-of-policies approaches, the interplay between exploration and knowledge retention, and benchmark environments for evaluating continual reinforcement learning agents.
4. Continual learning on graph-structured and relational data: Treatment of the emerging field of continual graph learning, including challenges of evolving graph topology and node feature distributions, catastrophic forgetting in graph neural networks, and approaches for task-incremental and class-incremental learning on dynamic graphs and knowledge graph completion.
5. Continual learning for time series, sensor-based, and industrial applications: Examination of continual learning for human activity recognition from wearable sensors, predictive maintenance and fault prognostics in industrial systems, multivariate time series learning with variable sensor subsets, and anomaly detection under non-stationary conditions.
6. Modular, compositional, and multi-modal continual learning: Approaches that represent knowledge as reusable compositional modules selectively combined to solve new tasks, ensemble-based methods that grow collections of specialized models, and the emerging challenges of simultaneously retaining knowledge across vision, language, audio, and structured data modalities.

### 5.1 Continual Learning for Visual Recognition and Computer Vision
Description: This subsection surveys the adaptation of continual learning methods across the full spectrum of computer vision tasks, from image classification to dense prediction, examining how domain-specific challenges such as background shift, inter-class confusion, and evolving sensor modalities motivate specialized algorithmic solutions and benchmarks.
1. Class-incremental and domain-incremental image classification: Review of foundational benchmarks including Split-CIFAR, CORe50, and permuted variants for evaluating sequential visual recognition, analyzing how regularization, replay, and architectural methods perform under strict class-incremental constraints where task identity is unavailable at inference, and discussing the particular challenge of inter-task class separation in visual domains.
2. Continual semantic segmentation and object detection: Examination of the unique challenges posed by dense prediction tasks, including background-foreground imbalance, semantic drift of the background class across incremental steps, and the use of knowledge distillation on feature maps and logits; survey of methods for class-incremental and domain-incremental segmentation on benchmarks such as Pascal VOC and ADE20K, and analogous challenges for incremental object detection.
3. Medical image analysis under continual learning constraints: Survey of continual learning applied to medical imaging modalities including MRI, CT, histopathology, and dermoscopy, addressing challenges of incremental disease category introduction, scanner domain shift and site heterogeneity, limited annotated data per new task, and regulatory requirements; review of approaches leveraging dynamic architectures and knowledge distillation for general-purpose medical AI models deployable across clinical specialties.
4. 3D perception and LiDAR point cloud segmentation: Emerging applications of continual learning to three-dimensional data including LiDAR point cloud semantic segmentation for autonomous driving, addressing the sparsity and uneven spatial distribution of point clouds, class-incremental and coarse-to-fine learning paradigms on benchmarks such as SemanticKITTI, and the adaptation of knowledge distillation and replay strategies to non-Euclidean 3D representations.

### 5.2 Continual Learning for Natural Language Processing and Dialogue Systems
Description: This subsection reviews the distinctive challenges of applying continual learning to natural language processing, where discrete compositional representations, large pretrained language models, and task heterogeneity create unique dynamics of forgetting and transfer, and surveys methods across a broad range of NLP tasks including classification, structured prediction, generation, and dialogue.
1. Continual learning across NLP classification and structured prediction tasks: Analysis of catastrophic forgetting in text classification, relation extraction, named entity recognition, and semantic parsing under sequential task presentation; review of specialized replay strategies such as template-diversity-aware memory sampling for structured outputs, regularization methods adapted to language model parameters, and task-arithmetic approaches for combining fine-tuned NLP models without mutual interference.
2. Continual learning in dialogue systems and task-oriented conversation: Survey of lifelong learning challenges in task-oriented and open-domain dialogue systems, including iterative network pruning, expansion, and masking strategies for multi-domain dialogue, generative replay for conversation history, Text-Mixup augmentation and nuclear-norm maximization for robustness, and the construction of continually improving chatbots that acquire new language expressions and factual knowledge through user interaction.
3. Continual learning with large pretrained language models: Examination of how large language models such as T5, RoBERTa, GPT, and LLaMA can be leveraged as continual learners, including findings that self-supervised pretraining endows LMs with inherent continual learning capacity, magnitude-based gradient updating methods that exploit parameter magnitude distributions to avoid forgetting without rehearsal, and parameter-efficient finetuning strategies such as adapters and LoRA for sequential task acquisition across tens of benchmarks.
4. Compositional generalization under continual NLP settings: Treatment of the intersection between continual learning and compositional generalization in language, including visually grounded language acquisition from shifting object distributions, continual compositional natural language inference where primitive inference knowledge is acquired sequentially, and the challenge that standard continual learning algorithms fail to support compositional generalization due to the combinatorial nature of linguistic composition.

### 5.3 Continual Reinforcement Learning
Description: This subsection formalizes and reviews continual reinforcement learning as the problem of training agents that must sequentially master non-stationary environments and task sequences without forgetting previously acquired behaviors, surveying algorithmic approaches, theoretical challenges, and standardized evaluation infrastructure specific to this setting.
1. Problem formalization and unique challenges of continual RL: Precise definition of continual RL distinguishing it from multi-task and transfer RL, including reward-scale non-stationarity that biases replay toward high-reward historical tasks, distributional shift between offline replay datasets and online policies, the exploration-exploitation tension compounded by forgetting, and the interplay between policy plasticity and behavioral stability across task sequences.
2. Replay, distillation, and world-model-based approaches: Review of replay-enhanced continual RL methods including adaptive reward normalization, policy distillation on old tasks, data augmentation strategies such as random amplitude scaling and adversarial gradient episodic memory, and model-based approaches using world models with memory-efficient distribution-matching replay buffers as biologically inspired alternatives to model-free replay, with evaluation on Continual World, MuJoCo, ProcGen, and Atari benchmarks.
3. Modular and compositional approaches for continual RL: Survey of methods that decompose policy knowledge into reusable neural modules, enabling combinatorial reuse of learned sub-policies across compositionally structured task sequences; analysis of how modularity facilitates individual tracking of environmental changes in non-stationary settings, accelerates discovery of high-performing policies, and reduces forgetting compared to monolithic policy representations.
4. Benchmarks, curricula, and evaluation infrastructure: Review of standardized environments and tools for continual RL including the Continual World benchmark, TELLA for reproducible curriculum specification and lifelong agent evaluation, compositional RL benchmarks designed to expose structural discovery capabilities, and discussion of metrics for measuring forward transfer, backward transfer, and forgetting in sequential policy learning.

### 5.4 Continual Learning on Graph-Structured and Relational Data
Description: This subsection addresses the emerging and technically challenging domain of continual learning on graphs, where the non-Euclidean structure of data, inter-node dependencies, and evolving topology create forgetting dynamics fundamentally different from those in image or text domains, and surveys both problem formalizations and algorithmic solutions.
1. Catastrophic forgetting in graph neural networks and unique topological challenges: Analysis of why standard continual learning methods designed for grid-structured data transfer poorly to GNNs, including the role of neighborhood aggregation in propagating forgetting across the graph, topology-aware weight preservation that stabilizes parameters critical to structural aggregation, and the challenges posed by evolving node features, edge distributions, and emergent new classes in dynamic graphs.
2. Rehearsal and replay strategies for graph continual learning: Survey of memory-based approaches adapted to graph data, including coverage-based diversity-aware node selection that balances class representativeness and intra-class diversity to avoid overfitting to cluster centers, graph structure learning to ensure replayed nodes retain informative neighborhoods, graph condensation frameworks that synthesize compact yet topology-preserving replay graphs, and topology-aware coarsening with node representation proximity for efficient historical graph compression.
3. Benchmark frameworks and incremental settings for graph learning: Review of standardized graph continual learning benchmarks including BeGin, which defines four incremental settings (task-, class-, domain-, and time-incremental) across node, link, and graph-level problems on 31 scenarios derived from 20 real-world graphs, discussion of the dependency-handling challenges unique to graph data evaluation, and the importance of separating evaluation logic from user code to eliminate experimental inconsistencies.
4. Streaming graph neural networks and knowledge graph completion: Treatment of GNN training on continuously arriving graph streams where neighborhood pattern distributions shift over time, including approximation algorithms for detecting new patterns via information propagation, hybrid data-replay and model-regularization consolidation strategies, hierarchy-importance node sampling, and the application of continual learning to knowledge graph completion where new entities and relation types arrive sequentially.

### 5.5 Continual Learning for Time Series, Sensor-Based, and Industrial Applications
Description: This subsection examines the deployment of continual learning in application domains characterized by sequential, multivariate, and non-stationary time series data, highlighting how the temporal structure of signals, sensor heterogeneity, and safety requirements in industrial and human-centric settings demand domain-specific adaptations of standard continual learning algorithms.
1. Human activity recognition and human state monitoring: Survey of continual learning for wearable sensor-based human activity recognition, including domain-incremental benchmarks designed to mirror real-world settings where new subjects are continuously added, the observation that domain-incremental properties of subject-level shifts make forgetting relatively manageable with simple finetuning, the challenges of accumulating knowledge over a fixed held-out test subject, and practical mobile sensor data processing pipelines for continual deep learning predictions.
2. Predictive maintenance, fault detection, and industrial IoT: Review of continual learning for fault prediction and prognostics in industrial systems including lithium-ion battery wear prediction and IIoT sensor networks, comparison of regularization strategies such as online EWC under real battery wear datasets, diffusion-based generative replay with knowledge distillation for industrial streaming data drift, and multi-label fault classification under class imbalance using recurrent neural networks, with discussion of task sequence sensitivity and the dependence of method performance on task characteristics.
3. Audio analysis and acoustic monitoring: Examination of continual learning applied to audio-based monitoring tasks including environmental sound classification and acoustic scene analysis, including a systematic evaluation framework comparing EWC, LwF, GEM, A-GEM, replay, and joint training under domain-incremental and class-incremental scenarios on DCASE challenge data, and the finding that replay-based methods outperform regularization-only approaches in most audio continual learning configurations.
4. Anomaly detection and concept drift under non-stationary conditions: Analysis of continual learning for anomaly detection in dynamically evolving data streams, including strategies for adapting detection thresholds and model parameters under distributional shift without full retraining, the challenge of distinguishing genuine anomalies from distribution drift, and reference architectures for self-maintaining production systems that manage model lifecycle, detect outliers, and trigger targeted retraining in response to concept drift.

### 5.6 Modular, Compositional, and Multi-Modal Continual Learning
Description: This subsection addresses the frontier of continual learning where knowledge is organized into reusable compositional structures or must be retained simultaneously across heterogeneous data modalities, examining how modularity can resolve the stability-plasticity dilemma through selective reuse and how multi-modal systems face compounded forgetting across vision, language, audio, and structured data streams.
1. Functionally compositional and modular lifelong learning: Survey of frameworks that decompose learning into a library of reusable functional modules, separating the combinatorial search for how to compose existing modules from the adaptation of modules to accommodate new problems; empirical findings that compositional models outperform monolithic architectures in multi-task lifelong learning, that learned components represent self-contained and transferable functions, and that modular relatedness estimation can improve both regularization and rehearsal-based methods by leveraging inter-task structural similarities.
2. Modular networks and neural composition for knowledge reuse: Review of specific modular architectures for continual learning including isometric ResNet-based compositional models where module order encodes task-specific computation, neural composition methods in RL where accumulated modules are selectively assembled to accelerate new task learning, and multi-task modular networks that achieve soft weight sharing with minimal parameter overhead while enabling interpretable self-organization of computational roles across tasks.
3. Multi-modal continual learning across vision and language: Treatment of the CLiMB benchmark for vision-and-language continual learning, including findings that standard CL methods mitigate forgetting during multimodal task sequences but fail to enable cross-task knowledge transfer, the challenge of visually grounded continual language acquisition from shifting object distributions in COCO-shift and Flickr-shift datasets, selective specialization strategies for determining which model components to specialize versus share across language-informed visual tasks, and modified vision-language transformers deployable across both multimodal and unimodal task sequences.
4. Multi-modal learning with structured and unstructured data: Examination of modular end-to-end multimodal architectures such as MAGNUM that natively handle both unstructured modalities (language, images, audio) and structured data (tabular, time series, signals), the continual learning challenges arising from modality-heterogeneous task streams including asynchronous distribution shifts across modalities, and federated continual learning settings where modality-agnostic uncertainty-aware memory management enables online class-incremental learning across diverse data types without sharing raw data.

## 6 Advanced Topics and Emerging Paradigms
Description: This section explores cutting-edge developments and emerging research directions that are reshaping continual learning, including novel algorithmic paradigms, connections to other learning fields, and the integration of continual learning with modern artificial intelligence systems.
1. Online and task-free continual learning: Methods designed for scenarios where task boundaries are unknown or absent, data arrives as a continuous stream requiring single-pass processing, and the agent must autonomously detect distribution shifts, including doubly perturbed training approaches and adaptive algorithms for managing the stability-plasticity trade-off without explicit task supervision.
2. Label-efficient continual learning: Methods that reduce annotation requirements, including semi-supervised continual learning with environmental unlabeled data, few-shot class-incremental learning with extremely limited labeled examples per new task, and self-supervised continual representation learning that avoids dependence on annotated data entirely.
3. Continual generative modeling: Extending continual learning to generative models including generative adversarial networks, variational autoencoders, diffusion models, and large generative language models, addressing how these models can incrementally incorporate new data distributions without degrading previously learned generative capabilities or introducing harmful biases.
4. Meta-continual learning and automated continual learning: Approaches that use meta-learning to discover continual learning algorithms rather than hand-crafting them, including self-referential neural networks that meta-learn their own in-context continual learning procedures, meta-learned neuron update rules capable of minimizing catastrophic interference, and automated machine learning approaches for dynamically configuring architectures across tasks.
5. Neurobiologically inspired mechanisms beyond replay and regularization: Exploration of neuromodulation, dendritic computation, sleep-based memory consolidation, and other biologically grounded mechanisms as sources of inspiration for designing more effective and plausible continual learning algorithms.
6. Privacy-preserving and federated continual learning: The intersection of continual learning with federated learning and data governance, including how knowledge can be accumulated across distributed agents without sharing raw data, addressing spatial-temporal catastrophic forgetting in federated settings, and privacy-preserving continual learning under regulatory constraints.

### 6.1 Online and Task-Free Continual Learning
Description: This subsection addresses the challenging and practically important setting where task boundaries are absent or unknown, data arrives as a continuous non-stationary stream requiring single-pass processing, and the learning agent must autonomously manage the stability-plasticity trade-off without explicit task supervision or oracle boundary signals.
1. Boundary-free and task-agnostic formulations: Formal treatment of continual learning scenarios where task identities and transition points are unavailable at both training and inference time, including online variational Bayesian approaches with fixed-point updates, and memory-aware synapse extensions that autonomously detect distributional shifts and trigger importance weight updates without external task supervision.
2. Single-pass online learning algorithms: Methods designed for strict single-epoch data processing constraints, including approaches that combine contrastive self-supervised encoders with lightweight ensemble classifiers to enable gradient-free continual adaptation, doubly perturbed training strategies that inject noise to improve generalization under non-stationary streams, and reservoir-sampling-based replay buffers optimized for online class-incremental settings.
3. Distribution shift detection and adaptive plasticity control: Algorithmic mechanisms for autonomously identifying when the data distribution has changed sufficiently to warrant model adaptation, including drift detection scenarios in autonomous deep learning frameworks, Bayesian change-point detection integrated with neural plasticity modulation, and strategies for dynamically balancing forgetting prevention against accommodation of genuine concept drift.
4. Empirical benchmarks and evaluation under natural distribution shifts: Systematic evaluation of online task-free methods on large-scale benchmarks featuring natural rather than artificially constructed distribution changes, analysis of gradient-based optimization pathologies unique to the online setting, and discussion of metrics that jointly capture information retention and online learning efficacy without privileged task boundary information.

### 6.2 Label-Efficient Continual Learning
Description: This subsection surveys methods that relax the assumption of abundant labeled supervision throughout the learning stream, encompassing semi-supervised continual learning with environmental unlabeled data, few-shot class-incremental learning under extreme label scarcity, and fully self-supervised continual representation learning, collectively addressing the practical constraint that annotation costs grow prohibitively in lifelong deployment.
1. Semi-supervised continual learning with environmental unlabeled data: Frameworks that exploit plentiful but unlabeled environmental observations alongside scarce labeled samples, including DistillMatch's combination of pseudo-labeling, consistency regularization, out-of-distribution detection and knowledge distillation, open-set semi-supervised continual learning settings where out-of-distribution unlabeled samples coexist with in-distribution ones, and prior-free continual learning methods that leverage auxiliary unlabeled datasets with reliable sample selection strategies to compensate for the absence of task priors.
2. Few-shot class-incremental learning: Methods designed for the extreme case where only a handful of labeled examples are available per new class or task, including meta-learning-based approaches that learn rapidly adaptable representations, feature space manipulation techniques such as prototype augmentation and embedding space regularization, replay-based strategies adapted to minimal memory budgets, and dynamic network structure methods that expand capacity selectively to accommodate novel classes without degrading base class performance.
3. Self-supervised and unsupervised continual representation learning: Approaches that build task-agnostic representations without any labeled data, including SPeCiaL's meta-learning objective that trains representations to support sequential linear probing with minimal forgetting, contrastive learning frameworks applied to the continual setting, and analyses of feature forgetting phenomena in representation spaces showing that catastrophic forgetting in feature layers differs qualitatively from output-layer forgetting, with gating adapters and other lightweight mechanisms proposed to mitigate representation drift.
4. Label-efficient continual object detection and structured prediction: Extensions of label-efficient continual learning beyond image classification to structured output problems such as object detection in streaming video, including plug-and-play modules like Efficient-CLS that reduce annotation costs through selective frame labeling, semi-supervised teacher-student distillation adapted to non-stationary video streams, and analysis of the compounded challenge of both label scarcity and catastrophic forgetting in detection pipelines.

### 6.3 Continual Generative Modeling
Description: This subsection examines the distinct challenges and emerging solutions for training generative models—including variational autoencoders, generative adversarial networks, diffusion models, and large language models—incrementally over evolving data distributions, addressing how generative fidelity, diversity, and representational coverage can be maintained across tasks without destructive interference.
1. Lifelong learning in VAE and GAN frameworks: Methods for incrementally training deep generative models, including dynamic expansion graph models that grow latent structure to accommodate new data modes, generative kernel continual learning that replaces explicit replay buffers with kernel-based synthesis, VAE-based generative replay improvements through latent space distillation and latent matching to reduce feature drift in reconstructed samples, and analysis of why standard generative replay degrades on complex multi-class benchmarks.
2. Diffusion models for continual generation and data replay: Emerging use of pre-trained conditional diffusion models as replay engines in continual learning pipelines, including approaches that reverse-engineer class-conditional input conditions within a frozen diffusion model's input space to generate high-quality exemplars without training a new generator, contrastive learning augmentation to bridge the domain gap between synthetic and real data, and federated class-incremental learning scenarios where diffusion-based replay replaces prohibited raw data sharing.
3. Continual learning in large generative language models: Challenges specific to incrementally fine-tuning large autoregressive and masked language models, including catastrophic forgetting of previously learned linguistic knowledge during domain-adaptive pre-training and sequential task fine-tuning, magnitude-based gradient updating strategies such as MIGU that exploit structural properties of linear layer output distributions to selectively update parameters and unlock innate continual learning abilities, and the interaction between continual pre-training and parameter-efficient adaptation methods.
4. Premonition and generative preemption strategies: Forward-looking approaches that use large language models and image generation models to synthesize representations of anticipated future data distributions before they arrive, enabling supervised pre-training on synthetic data that builds backbone representations useful for downstream continual learning without retaining the synthetic data during the learning stream, and analysis of domain gap effects and their mitigation in fine-grained class-incremental benchmarks.

### 6.4 Meta-Continual Learning and Automated Continual Learning
Description: This subsection covers approaches that move beyond hand-crafted continual learning algorithms by employing meta-learning to discover learning procedures, update rules, and architectural configurations that are intrinsically robust to catastrophic interference, including self-referential systems that automate the entire algorithm design process.
1. Optimization-based meta-learning for continual adaptation: Fast gradient-based meta-learning algorithms designed explicitly for the online continual setting, including Look-ahead MAML which modulates per-parameter learning rates to reduce interference, task-agnostic continual meta-learning frameworks that separate task-specific from task-agnostic parameters and optimize the latter without simultaneous multi-task access, and continual meta-policy search methods that perform offline meta-learning from RL experience accumulated incrementally without revisiting prior tasks.
2. Meta-learned representations and update rules for forgetting minimization: Methods that learn representations explicitly optimized to support rapid online updating with minimal interference, including the OML objective that produces naturally sparse representations compatible with online updating, the Bayesian principle meta-continual learning framework that confines sequential updating to simple statistical models while meta-learning neural feature extractors that remain fixed during deployment, and meta-learned neuron models whose inference and update rules are optimized end-to-end to memorize arbitrary data streams without task boundary assumptions.
3. Automated continual learning via self-referential neural networks: Approaches that encode all desiderata of continual learning into meta-learning objectives and train self-referential architectures to discover their own in-context continual learning algorithms, including Automated Continual Learning systems that outperform hand-crafted baselines on standard benchmarks in replay-free settings, and AutoML-for-continual-learning frameworks that dynamically configure backbone architectures, hyperparameters, and task ordering strategies across the learning stream.
4. Continual meta-learning in non-stationary and competitive environments: Application of meta-learning to continuously adapting agents in dynamically changing and adversarial multi-agent environments, including gradient-based meta-learning for few-shot adaptation in nonstationary settings with the RoboSumo competitive benchmark, and CoMPS-style continual reinforcement learning that interleaves RL task acquisition with offline meta-training to prepare the agent for accelerated future task learning without access to previously encountered tasks.

### 6.5 Neurobiologically Inspired Mechanisms for Continual Learning
Description: This subsection explores mechanisms drawn from neuroscience and cognitive science that go beyond the most commonly studied replay and weight-regularization analogies, examining how neuromodulation, dendritic computation, synaptic metaplasticity, and sleep-phase consolidation can inspire novel and more biologically plausible continual learning algorithms.
1. Neuromodulation and context-dependent gating: Biologically grounded architectures that use neuromodulatory signals to dynamically regulate synaptic plasticity and gate information flow in a context-dependent manner, including networks with separate excitatory and inhibitory neuron populations adhering to Dale's principle, dendritic-like structures on pyramidal neurons that enable stimulus-dependent context processing, and neuromodulated architectures with local error signals that eliminate dependence on global backpropagation for memory-constrained online continual learning.
2. Synaptic metaplasticity and multi-timescale consolidation: Theoretical and empirical treatment of synaptic consolidation mechanisms that maintain and evolve internal states across behaviorally relevant timescales, including intelligent synapse models that accumulate task relevance over time, multi-timescale plasticity algorithms that use internal synaptic state to regulate individual weight updates, and a Drosophila-inspired learning system that actively attenuates old memories in parameter distributions to improve plasticity while coordinating a multi-learner architecture for solution compatibility.
3. Sleep-based memory consolidation and synaptic downscaling: Modeling of distinct sleep-phase operations for continual learning, including NREM-inspired veridical memory replay, REM-inspired generative replay of abstracted memories, and synaptic downscaling mechanisms that tune signal-to-noise ratios and support neural upkeep, with empirical analysis of the trade-off between aggressive downscaling for early-task retention versus moderate downscaling for sustained plasticity, and the complementary benefits of combining all three sleep components in artificial networks.
4. Sparse representations, Hebbian learning, and complementary mechanisms: Investigation of how multiple biologically inspired mechanisms interact synergistically in a unified architecture, including sparse non-overlapping representations that reduce inter-task interference, Hebbian learning rules for unsupervised association formation, and the combined effect of sparse coding, local learning, and replay of past activation patterns in biologically plausible frameworks, with implications for understanding how the brain's multi-mechanism approach achieves stable lifelong learning without catastrophic forgetting.

### 6.6 Privacy-Preserving and Federated Continual Learning
Description: This subsection examines the intersection of continual learning with federated learning and data governance frameworks, addressing how knowledge can be accumulated across distributed heterogeneous clients without sharing raw data, how spatial and temporal catastrophic forgetting manifest uniquely in federated settings, and how privacy regulations constrain and motivate novel algorithmic designs.
1. Spatial-temporal catastrophic forgetting in federated settings: Characterization of the dual forgetting challenge unique to federated continual learning, where spatial forgetting arises from non-IID data heterogeneity across clients and temporal forgetting from sequential task arrival, including formal problem definitions, empirical evaluation of forgetting magnitude under federated averaging, and the categorization of synchronous versus asynchronous federated continual learning frameworks and their distinct knowledge fusion mechanisms.
2. Privacy-preserving replay and gradient-based continual federated methods: Algorithms that address global catastrophic forgetting without violating privacy constraints that prohibit raw data sharing across clients, including Federated Orthogonal Training which projects aggregated new-task updates orthogonally to the global input subspace of old tasks, masked autoencoder approaches that integrate task attention mechanisms with federated representation learning, and variational Bayesian neural networks deployed across clients that continually integrate knowledge from local and historical distributions into a single model without requiring distribution change detection.
3. Synthetic data sharing and generative approaches for federated continual learning: Methods that replace prohibited raw data exchange with locally generated synthetic exemplars, including Federated Knowledge Recycling which uses locally trained generative models to produce synthetic data for cross-silo collaboration with reduced privacy attack surfaces, diffusion-driven data replay for federated class-incremental learning that leverages pre-trained conditional diffusion models to reverse-engineer class-conditional inputs, and contrastive learning augmentation to improve the representational alignment between synthetic and real data distributions.
4. Continual learning and machine unlearning under privacy constraints: The emerging intersection of lifelong learning with the right to be forgotten and machine unlearning, including formal problem definitions for continual learning with private unlearning where users request selective erasure of specific task knowledge without degrading retained knowledge, differential privacy mechanisms integrated into federated continual learning pipelines, and the fundamental tension between knowledge retention for forward transfer and compliant data deletion under regulatory frameworks such as GDPR.

## 7 Software Frameworks, Open Challenges, and Future Directions
Description: This section takes a forward-looking perspective, assessing the current state of the field from the vantage point of experimental rigor, software infrastructure, scalability, and open research problems, and charts the most promising directions for future investigation.
1. Software frameworks, libraries, and reproducibility infrastructure: Survey of open-source continual learning frameworks including Avalanche, Sequoia, Renate, and Continuum, discussing their design principles, supported scenarios, reproducibility features, and their role in standardizing experimental practice across the community.
2. Scalability, computational efficiency, and practical deployment: Analysis of computational and memory constraints in real-world continual learning pipelines, including on-device and edge deployment under strict resource budgets, model editing and repair, personalization over time, and strategies for reducing retraining costs in industrial and safety-critical deployments.
3. Curriculum design, task ordering, and data stream properties: Empirical and theoretical investigation of how the order and composition of tasks presented during training affect continual learning outcomes, algorithms for automated curriculum design, and the implications of blurry task boundaries, class repetition, overlapping distributions, and noisy labels for algorithm design.
4. Connections to active learning, causal reasoning, and out-of-distribution generalization: Exploration of synergies between continual learning and active learning for annotation-efficient sequential learning, the integration of causal reasoning to enable transfer of structural rather than statistical knowledge across tasks, and the relationship between continual learning and robust out-of-distribution generalization.
5. Open challenges and critical future research directions: Synthesis of unresolved problems including inter-task class separation, interpretability and explainability of evolving models, uncertainty estimation and out-of-distribution detection in safety-critical continual systems, evaluation on truly long task sequences reflecting realistic lifelong deployment, and the path toward general-purpose lifelong learning agents that accumulate broad knowledge over extended time horizons.

### 7.1 Software Frameworks, Libraries, and Reproducibility Infrastructure
Description: A comprehensive survey of the open-source ecosystem supporting continual learning research, covering established frameworks, their design philosophies, supported algorithmic families and evaluation scenarios, and their collective role in promoting reproducibility, standardization, and community-wide comparability of experimental results.
1. Established continual learning frameworks and their design principles: Detailed examination of major open-source libraries including Avalanche, Sequoia, Renate, Continuum, SequeL, and Continual Inference, discussing their modular architectures, support for PyTorch and JAX backends, plugin-based extensibility, and the breadth of continual learning scenarios and algorithms they encapsulate for both researchers and practitioners.
2. Reproducibility challenges and standardization efforts: Analysis of the reproducibility crisis in continual learning research, including sensitivity to hyperparameters, inconsistent experimental protocols, varying benchmark splits, and the role of frameworks like ModelCI-e in enabling continuous integration and evolution of deployed models, with discussion of best practices for documenting configurations and ensuring result replicability.
3. Benchmarking infrastructure and cognitive evaluation paradigms: Survey of benchmark suites embedded within frameworks, including evaluation pipelines that measure standard metrics such as average accuracy, backward and forward transfer, and forgetting magnitude, as well as emerging cognitively-inspired evaluation paradigms that assess adaptability across task sequence lengths, sensitivity to dynamic task variations, and efficiency in memory and computation.
4. MLOps integration and production pipeline considerations: Examination of how continual learning frameworks interface with production machine learning pipelines, including model versioning, automated orchestration of model updates, validation under distributional shift, and lessons from large-scale industry deployments regarding wasted computation, model deployment cadence, and the lifecycle of continually updated models.

### 7.2 Scalability, Computational Efficiency, and Practical Deployment
Description: An analysis of the computational and memory demands imposed by continual learning algorithms in real-world deployment contexts, covering strategies for resource-efficient learning on edge and embedded devices, real-time evaluation under computational constraints, and the practical engineering challenges of deploying continually adapting models in industrial and safety-critical settings.
1. Real-time and computationally constrained continual learning evaluation: Examination of evaluation frameworks that impose realistic computational budgets on continual learning methods, including real-time evaluation protocols where data streams do not pause for model training, empirical findings showing that computationally naive baselines outperform sophisticated methods under strict time constraints, and the implications for rethinking algorithm design priorities.
2. On-device and edge deployment under resource budgets: Review of continual learning algorithms tailored for extreme-edge devices including RISC-V clusters, mobile phones, and IoT nodes, covering memory-latency-accuracy trade-offs, hardware-software co-design for efficient forward and backward passes, low-memory-footprint methods such as LightCL and latent replay, and demonstrations of real-time on-device personalization without catastrophic forgetting on Android platforms.
3. Anytime inference and flexible model updating: Discussion of anytime continual learning frameworks that decouple the timing of inference from the completion of training, enabling systems to respond to queries at any point during the learning stream, including attention-weighted feature compression for storage efficiency, dynamic weighting between partially fine-tuned and fixed models, and blurry task boundary settings that require continuous inference readiness.
4. Model editing, personalization, and industrial retraining: Analysis of continual learning as a solution to practical problems including targeted model editing to correct factual errors or harmful behaviors, personalization and specialization of deployed models to individual users or environments over time, reduction of retraining costs in production pipelines, and strategies for managing the interference between model updating workloads and active inference services.

### 7.3 Curriculum Design, Task Ordering, and Data Stream Properties
Description: An empirical and theoretical investigation of how the structure, ordering, and composition of the sequential data stream influence continual learning outcomes, covering principled curriculum design strategies, the effects of task boundary ambiguity and class repetition, and automated approaches for constructing beneficial learning sequences.
1. The effect of task ordering and sequence composition on forgetting and transfer: Empirical analysis demonstrating that reordering tasks significantly alters catastrophic forgetting magnitude and knowledge transfer, theoretical connections between task-pair curvature distances and forgetting dynamics, and the relationship between continual learning task ordering and curriculum learning principles from the broader machine learning literature.
2. Automated curriculum design for continual learning: Survey of approaches that automatically determine beneficial task presentation orders and difficulty progressions, including gradient-based difficulty measures, mastering-rate-based teacher-student algorithms, predictive gain methods, coarse-to-fine label hierarchy curricula, and cyclical curriculum strategies that alternate between vanilla and curriculum training regimes, with discussion of their transferability to the continual learning setting.
3. Blurry task boundaries, overlapping distributions, and non-stationary streams: Examination of realistic continual learning settings that deviate from clean task boundaries, including blurry task configurations with inter-task class overlap, settings with recurring classes and concept drift, multi-label online streams with imbalanced class distributions, and the OCDM approach for optimizing class distribution in replay memory under non-stationary multi-label conditions.
4. Noisy labels, data quality, and label-sparse streams: Discussion of the compounding effects of noisy labels and sparse annotation on continual learning algorithms, including semi-supervised continual learning under constrained computational budgets as studied in DietCL, strategies for effectively utilizing unlabeled data during sequential training, and the sensitivity of existing methods to label quality across long task sequences.

### 7.4 Connections to Active Learning, Causal Reasoning, and Out-of-Distribution Generalization
Description: Exploration of the productive intersections between continual learning and adjacent fields including active learning for annotation-efficient sequential learning, causal inference for robust knowledge transfer, and out-of-distribution generalization, highlighting how insights from these areas can address fundamental limitations of current continual learning systems.
1. Active continual learning for annotation-efficient sequential adaptation: Analysis of the active continual learning problem where each arriving task presents an unlabeled data pool with a fixed annotation budget, empirical investigation of the trade-off between forgetting-prevention and rapid acquisition of new knowledge under active querying strategies, and the interplay between different active learning and continual learning algorithms across task-incremental, domain-incremental, and class-incremental scenarios.
2. Causal reasoning and invariant mechanisms for robust continual transfer: Examination of how causal frameworks can endow continual learners with the ability to transfer structural rather than purely statistical knowledge across tasks, including continual causal effect estimation from incrementally available non-stationary observational data, causal discovery in robotics via continual learning, and the use of causal invariant transformations to achieve out-of-distribution generalization under domain shift.
3. Out-of-distribution detection and generalization in continual settings: Survey of the challenges posed by out-of-distribution inputs to continually trained models, including out-of-distribution forgetting caused by intra-class distribution shift during sequential learning, OOD detection in unsupervised continual learning scenarios, Bayesian continual learning frameworks that quantify prediction uncertainty to assess reliability under distribution shift, and the relationship between robust OOD generalization and resistance to catastrophic forgetting.
4. Synergies with anti-causal learning and generalization theory: Discussion of the theoretical connections between causal and anti-causal learning frameworks, their implications for understanding why continual learners fail to generalize across task boundaries, and how incorporating causal models into sequential learning pipelines could shift the paradigm from pure inference toward search-and-validation approaches capable of stronger generalization.

### 7.5 Open Challenges and Critical Future Research Directions
Description: A synthesis of the most pressing unresolved problems in continual learning research, identifying gaps between current capabilities and the requirements of truly general-purpose lifelong learning agents, and articulating the most promising avenues for future theoretical, algorithmic, and applied investigation.
1. Inter-task class separation, evaluation realism, and long-sequence assessment: Discussion of the hidden challenge of inter-task class separation in class-incremental NLP and vision tasks, the mismatch between controlled academic benchmarks and real-world deployment complexity, the need for evaluation protocols covering truly long task sequences with natural distribution shifts and unknown boundaries, and cognitive benchmarking frameworks that assess adaptability, sensitivity to task variations, and computational efficiency jointly.
2. Interpretability, uncertainty estimation, and safety in continual systems: Examination of the largely unaddressed challenges of making continually updated models interpretable and explainable as their knowledge evolves, the necessity of well-calibrated uncertainty estimates and reliable out-of-distribution detection for safety-critical applications such as medical imaging and autonomous systems, and the vulnerability of continual learners to out-of-distribution forgetting introduced by adversarial or environmental perturbations.
3. Architecture search, scalability to long task sequences, and loss of plasticity: Analysis of the role of network architecture design in continual learning, including the ArchCraft approach for discovering CL-friendly architectures through specialized neural architecture search, the phenomenon of loss of plasticity over extended task sequences, mechanisms behind feature ossification and dead units, and the need for principled methods to maintain learning capacity over an open-ended stream of tasks.
4. Toward general-purpose lifelong learning agents: Reflection on the desiderata for artificial agents that continuously accumulate, organize, and apply broad knowledge in the manner of human cognition, including the integration of modular and compositional knowledge representations, connections between continual learning and reinforcement learning for embodied agents, the unification of model editing, personalization, on-device learning, and faster retraining under a single lifelong learning framework, and the ethical and sustainability considerations of deploying such systems in high-stakes environments over extended operational lifetimes.

## 8 Conclusion
Description: This section synthesizes the key insights from the survey, critically evaluates the current state of continual learning research, and provides a consolidated perspective on the field's trajectory and its broader implications for artificial intelligence.
1. Synthesis of methodological families: A critical comparative assessment of the relative strengths and limitations of regularization-based, replay-based, architectural, optimization-based, and pretrained model-based approaches, identifying where empirical progress has been strongest and where theoretical understanding lags behind practical advances.
2. Bridging the gap between academic benchmarks and real-world deployment: Reflection on the disconnect between controlled laboratory benchmarks and the complexity of real-world continual learning deployments, emphasizing the need for more realistic evaluation protocols that capture natural distribution shifts, unknown task boundaries, noisy data, and inference requirements at any moment during the learning stream.
3. Broader implications and the path toward general-purpose lifelong learning: Discussion of the ethical, sustainability, and societal considerations of deploying lifelong learning systems in high-stakes environments, the theoretical unification of algorithmic families, and the vision for artificial agents that continuously accumulate, organize, and apply knowledge across an open-ended stream of experiences in the manner of human intelligence.


########### Writing content... ###########
Section Threading:   0%|          | 0/8 [00:00<?, ?it/s]
Processing remaining:   0%|          | 0/1 [00:00<?, ?it/s][A
Processing remaining: 100%|██████████| 1/1 [00:13<00:00, 13.43s/it][AProcessing remaining: 100%|██████████| 1/1 [00:13<00:00, 13.43s/it]

Processing remaining:   0%|          | 0/1 [00:00<?, ?it/s][A
Processing remaining: 100%|██████████| 1/1 [00:06<00:00,  6.96s/it][AProcessing remaining: 100%|██████████| 1/1 [00:06<00:00,  6.96s/it]
Section Threading:  12%|█▎        | 1/8 [00:20<02:23, 20.45s/it]
Processing remaining:   0%|          | 0/2 [00:00<?, ?it/s][A
Processing remaining:  50%|█████     | 1/2 [00:03<00:03,  3.97s/it][A
Processing remaining: 100%|██████████| 2/2 [00:16<00:00,  8.88s/it][AProcessing remaining: 100%|██████████| 2/2 [00:16<00:00,  8.14s/it]

Processing remaining:   0%|          | 0/2 [00:00<?, ?it/s][A
Processing remaining:  50%|█████     | 1/2 [00:00<00:00,  1.45it/s][A
Processing remaining: 100%|██████████| 2/2 [00:01<00:00,  1.23it/s][AProcessing remaining: 100%|██████████| 2/2 [00:01<00:00,  1.26it/s]

Processing remaining:   0%|          | 0/2 [00:00<?, ?it/s][A
Processing remaining:  50%|█████     | 1/2 [00:04<00:04,  4.49s/it][A
Processing remaining: 100%|██████████| 2/2 [00:08<00:00,  4.31s/it][AProcessing remaining: 100%|██████████| 2/2 [00:08<00:00,  4.34s/it]
Section Threading:  25%|██▌       | 2/8 [01:28<04:50, 48.36s/it]
Processing remaining:   0%|          | 0/2 [00:00<?, ?it/s][A
Processing remaining: 100%|██████████| 2/2 [00:03<00:00,  1.81s/it][AProcessing remaining: 100%|██████████| 2/2 [00:03<00:00,  1.81s/it]
Section Threading:  38%|███▊      | 3/8 [01:49<03:00, 36.14s/it]402 Client Error: Payment Required for url: http://127.0.0.1:18080/v1/chat/completions
402 Client Error: Payment Required for url: http://127.0.0.1:18080/v1/chat/completions
402 Client Error: Payment Required for url: http://127.0.0.1:18080/v1/chat/completions
402 Client Error: Payment Required for url: http://127.0.0.1:18080/v1/chat/completions
402 Client Error: Payment Required for url: http://127.0.0.1:18080/v1/chat/completions
402 Client Error: Payment Required for url: http://127.0.0.1:18080/v1/chat/completions
402 Client Error: Payment Required for url: http://127.0.0.1:18080/v1/chat/completions
402 Client Error: Payment Required for url: http://127.0.0.1:18080/v1/chat/completions
402 Client Error: Payment Required for url: http://127.0.0.1:18080/v1/chat/completions
402 Client Error: Payment Required for url: http://127.0.0.1:18080/v1/chat/completions
402 Client Error: Payment Required for url: http://127.0.0.1:18080/v1/chat/completions

Processing remaining:   0%|          | 0/2 [00:00<?, ?it/s][A
Processing remaining: 100%|██████████| 2/2 [00:00<00:00,  3.49it/s][AProcessing remaining: 100%|██████████| 2/2 [00:00<00:00,  3.49it/s]

Processing remaining:   0%|          | 0/2 [00:00<?, ?it/s][AProcessing remaining: 100%|██████████| 2/2 [00:00<00:00, 12748.64it/s]

Processing remaining:   0%|          | 0/2 [00:00<?, ?it/s][AProcessing remaining: 100%|██████████| 2/2 [00:00<00:00, 12768.05it/s]
Section Threading:  50%|█████     | 4/8 [03:28<04:02, 60.67s/it]
Processing remaining:   0%|          | 0/2 [00:00<?, ?it/s][AProcessing remaining: 100%|██████████| 2/2 [00:00<00:00, 12846.26it/s]
Section Threading:  62%|██████▎   | 5/8 [04:06<02:37, 52.66s/it]
Processing remaining:   0%|          | 0/2 [00:00<?, ?it/s][AProcessing remaining: 100%|██████████| 2/2 [00:00<00:00, 13046.05it/s]

Processing remaining:   0%|          | 0/2 [00:00<?, ?it/s][A

Processing remaining:   0%|          | 0/2 [00:00<?, ?it/s][A[A
Processing remaining:  50%|█████     | 1/2 [00:15<00:15, 15.89s/it][A
Processing remaining: 100%|██████████| 2/2 [00:18<00:00,  8.11s/it][AProcessing remaining: 100%|██████████| 2/2 [00:18<00:00,  9.28s/it]


Processing remaining:  50%|█████     | 1/2 [00:03<00:03,  3.57s/it][A[A

Processing remaining: 100%|██████████| 2/2 [00:05<00:00,  2.39s/it][A[AProcessing remaining: 100%|██████████| 2/2 [00:05<00:00,  2.56s/it]
Section Threading:  75%|███████▌  | 6/8 [05:05<01:49, 54.89s/it]
Processing remaining:   0%|          | 0/1 [00:00<?, ?it/s][A
Processing remaining: 100%|██████████| 1/1 [00:23<00:00, 23.32s/it][AProcessing remaining: 100%|██████████| 1/1 [00:23<00:00, 23.32s/it]

Processing remaining:   0%|          | 0/1 [00:00<?, ?it/s][A

Processing remaining:   0%|          | 0/2 [00:00<?, ?it/s][A[A

Processing remaining:  50%|█████     | 1/2 [00:06<00:06,  6.03s/it][A[A
Processing remaining: 100%|██████████| 1/1 [00:09<00:00,  9.84s/it][AProcessing remaining: 100%|██████████| 1/1 [00:09<00:00,  9.84s/it]
Section Threading:  88%|████████▊ | 7/8 [05:39<00:47, 47.81s/it]

Processing remaining: 100%|██████████| 2/2 [00:14<00:00,  7.59s/it][A[AProcessing remaining: 100%|██████████| 2/2 [00:14<00:00,  7.36s/it]
Section Threading: 100%|██████████| 8/8 [05:47<00:00, 35.11s/it]Section Threading: 100%|██████████| 8/8 [05:47<00:00, 43.38s/it]
  0%|          | 0/119 [00:00<?, ?it/s]100%|██████████| 119/119 [00:00<00:00, 2151388.69it/s]
Section Refining Threading (parity 0):   0%|          | 0/20 [00:00<?, ?it/s]Section Refining Threading (parity 0):   5%|▌         | 1/20 [00:07<02:22,  7.50s/it]Section Refining Threading (parity 0):  10%|█         | 2/20 [00:07<00:59,  3.30s/it]Section Refining Threading (parity 0):  15%|█▌        | 3/20 [00:14<01:23,  4.90s/it]Section Refining Threading (parity 0):  20%|██        | 4/20 [00:15<00:54,  3.40s/it]Section Refining Threading (parity 0):  25%|██▌       | 5/20 [00:22<01:11,  4.75s/it]Section Refining Threading (parity 0):  30%|███       | 6/20 [00:23<00:48,  3.47s/it]Section Refining Threading (parity 0):  35%|███▌      | 7/20 [00:30<01:00,  4.62s/it]Section Refining Threading (parity 0):  45%|████▌     | 9/20 [00:40<00:51,  4.66s/it]Section Refining Threading (parity 0):  50%|█████     | 10/20 [00:44<00:45,  4.59s/it]Section Refining Threading (parity 0):  55%|█████▌    | 11/20 [00:48<00:40,  4.48s/it]Section Refining Threading (parity 0):  60%|██████    | 12/20 [00:55<00:40,  5.00s/it]Section Refining Threading (parity 0):  65%|██████▌   | 13/20 [01:01<00:37,  5.35s/it]Section Refining Threading (parity 0):  70%|███████   | 14/20 [01:02<00:24,  4.11s/it]Section Refining Threading (parity 0):  75%|███████▌  | 15/20 [01:09<00:24,  4.97s/it]Section Refining Threading (parity 0):  80%|████████  | 16/20 [01:10<00:14,  3.74s/it]Section Refining Threading (parity 0):  85%|████████▌ | 17/20 [01:17<00:13,  4.62s/it]Section Refining Threading (parity 0):  90%|█████████ | 18/20 [01:18<00:07,  3.66s/it]Section Refining Threading (parity 0):  95%|█████████▌| 19/20 [01:24<00:04,  4.52s/it]Section Refining Threading (parity 0): 100%|██████████| 20/20 [01:30<00:00,  4.76s/it]Section Refining Threading (parity 0): 100%|██████████| 20/20 [01:30<00:00,  4.52s/it]
Section Refining Threading (parity 1):   0%|          | 0/16 [00:00<?, ?it/s]Section Refining Threading (parity 1):   6%|▋         | 1/16 [00:09<02:19,  9.30s/it]Section Refining Threading (parity 1):  12%|█▎        | 2/16 [00:09<00:59,  4.23s/it]Section Refining Threading (parity 1):  19%|█▉        | 3/16 [00:18<01:20,  6.22s/it]Section Refining Threading (parity 1):  25%|██▌       | 4/16 [00:20<00:54,  4.55s/it]Section Refining Threading (parity 1):  31%|███▏      | 5/16 [00:31<01:16,  7.00s/it]Section Refining Threading (parity 1):  38%|███▊      | 6/16 [00:33<00:50,  5.06s/it]Section Refining Threading (parity 1):  44%|████▍     | 7/16 [00:42<00:58,  6.49s/it]Section Refining Threading (parity 1):  50%|█████     | 8/16 [00:45<00:42,  5.34s/it]Section Refining Threading (parity 1):  56%|█████▋    | 9/16 [00:52<00:41,  5.98s/it]Section Refining Threading (parity 1):  62%|██████▎   | 10/16 [00:54<00:28,  4.77s/it]Section Refining Threading (parity 1):  69%|██████▉   | 11/16 [01:00<00:25,  5.05s/it]Section Refining Threading (parity 1):  75%|███████▌  | 12/16 [01:03<00:17,  4.39s/it]Section Refining Threading (parity 1):  81%|████████▏ | 13/16 [01:10<00:15,  5.23s/it]Section Refining Threading (parity 1):  88%|████████▊ | 14/16 [01:12<00:08,  4.33s/it]Section Refining Threading (parity 1):  94%|█████████▍| 15/16 [01:19<00:04,  4.98s/it]Section Refining Threading (parity 1): 100%|██████████| 16/16 [01:23<00:00,  4.61s/it]Section Refining Threading (parity 1): 100%|██████████| 16/16 [01:23<00:00,  5.20s/it]
  0%|          | 0/112 [00:00<?, ?it/s]100%|██████████| 112/112 [00:00<00:00, 1766022.74it/s]
SubsectionWriter Input token usage: 1615280
SubsectionWriter Output token usage: 45613
[2026-07-16T04:43:42Z] returncode=0 elapsed_seconds=1273.334 timed_out=False
